link,twitter_url_link
index.cfm,
RecentAthletes.cfm,
TopAthletes.cfm,
athlete_add.cfm,
about.cfm,
advertising.cfm,
http://twitter.com/Pro_Athletes,
http://twitter.com/share,
index.cfm?CatID=2&People=1,
index.cfm?CatID=3&People=1,
index.cfm?CatID=1&People=1,
index.cfm?CatID=4&People=1,
index.cfm?CatID=5&People=1,
index.cfm?CatID=241&People=1,
index.cfm?CatID=10&People=1,
index.cfm?CatID=242&People=1,
index.cfm?CatID=200&People=1,
index.cfm?CatID=179&People=1,
index.cfm?CatID=406&People=1,
index.cfm?CatID=243&People=1,
index.cfm?CatID=7&People=1,
http://www.facebook.com/pages/Twitter-Athletescom/78810037831,
index.cfm?CatID=3,
index.cfm?CatID=469,
index.cfm?AthleteID=26128,https://twitter.com/alexlen
index.cfm?AthleteID=26038,https://twitter.com/allencrabbe
index.cfm?AthleteID=27475,https://twitter.com/FlyDre21
index.cfm?AthleteID=26002,https://twitter.com/AnthonyBennett
index.cfm?AthleteID=26131,https://twitter.com/A1Laflare10
index.cfm?AthleteID=26119,https://twitter.com/kazemiworld
index.cfm?AthleteID=26032,https://twitter.com/BenMcLemore
index.cfm?AthleteID=26035,https://twitter.com/BP3
index.cfm?AthleteID=26008,https://twitter.com/CJMcCollum
index.cfm?AthleteID=26005,https://twitter.com/CodyZeller
index.cfm?AthleteID=26116,https://twitter.com/DennisMike93
index.cfm?AthleteID=27433,https://twitter.com/EliasJMHarris
index.cfm?AthleteID=26122,https://twitter.com/ErickGreen
index.cfm?AthleteID=27466,https://twitter.com/e_murphy33
index.cfm?AthleteID=26101,https://twitter.com/GAdetokunbo
index.cfm?AthleteID=27472,https://twitter.com/GigiDatome
index.cfm?AthleteID=26017,https://twitter.com/GorguiDieng
index.cfm?AthleteID=27481,https://twitter.com/IanClark
index.cfm?AthleteID=26104,https://twitter.com/SiP03
index.cfm?AthleteID=26125,https://twitter.com/JamesDa_Truth
index.cfm?AthleteID=27439,https://twitter.com/JeffWithey
index.cfm?AthleteID=26020,https://twitter.com/KellyOlynyk
index.cfm?AthleteID=26089,https://twitter.com/CaldwellPope
index.cfm?AthleteID=26113,https://twitter.com/Bebe92
index.cfm?AthleteID=26023,https://twitter.com/masonplumlee
index.cfm?AthleteID=26011,https://twitter.com/MCW1
index.cfm?AthleteID=26029,https://twitter.com/mikejawz
index.cfm?AthleteID=26098,https://twitter.com/NateWolters
index.cfm?AthleteID=27460,https://twitter.com/nedovic1624
index.cfm?AthleteID=25993,https://twitter.com/NerlensNoel3
index.cfm?AthleteID=26107,https://twitter.com/PeypeySiva3
index.cfm?AthleteID=27469,https://twitter.com/philpressey
index.cfm?AthleteID=26095,https://twitter.com/RayMac3
index.cfm?AthleteID=27484,https://twitter.com/ReggieBullock35
index.cfm?AthleteID=27448,https://twitter.com/Holla_At_Rob33
index.cfm?AthleteID=26086,https://twitter.com/RoeOsby24
index.cfm?AthleteID=27430,https://twitter.com/rudygobert15
index.cfm?AthleteID=26014,https://twitter.com/ShabazzMuhammad
index.cfm?AthleteID=26026,https://twitter.com/ShaneLarkin_3
index.cfm?AthleteID=27490,https://twitter.com/solohill
index.cfm?AthleteID=25999,https://twitter.com/RealStevenAdams
index.cfm?AthleteID=26092,https://twitter.com/T_HardJR
index.cfm?AthleteID=26110,https://twitter.com/TonyMitchUNENO
index.cfm?AthleteID=26068,https://twitter.com/TonySnell20
index.cfm?AthleteID=25996,https://twitter.com/TreyBurke
index.cfm?AthleteID=25990,https://twitter.com/VicOladipo
index.cfm?CatID=14,
index.cfm?AthleteID=3394,https://twitter.com/Al_Horford
index.cfm?AthleteID=4612,https://twitter.com/CartierMartin
index.cfm?AthleteID=15157,https://twitter.com/DeMarreCarroll1
index.cfm?AthleteID=23428,https://twitter.com/Gustavo_Ayon15
index.cfm?AthleteID=27463,https://twitter.com/AyonGustavo
index.cfm?AthleteID=19252,https://twitter.com/J1Flight
index.cfm?AthleteID=13501,https://twitter.com/Teague0
index.cfm?AthleteID=18469,https://twitter.com/JohnnyCashVU23
index.cfm?AthleteID=3913,https://twitter.com/KyleKorver
index.cfm?AthleteID=2710,https://twitter.com/TeamLou23
index.cfm?AthleteID=18526,https://twitter.com/mikescott
index.cfm?AthleteID=27424,https://twitter.com/Paulmillsap4
index.cfm?AthleteID=16057,https://twitter.com/ShelvinMack
index.cfm?CatID=18,
index.cfm?AthleteID=7939,https://twitter.com/Avery_Bradley
index.cfm?AthleteID=27454,https://twitter.com/bestbetbass
index.cfm?AthleteID=15568,https://twitter.com/CourtneyLee2211
index.cfm?AthleteID=8389,https://twitter.com/dontegreeneCOS
index.cfm?AthleteID=18541,https://twitter.com/Jared_Sully0
index.cfm?AthleteID=15067,https://twitter.com/unclejeffgreen
index.cfm?AthleteID=7198,https://twitter.com/jcraw55
index.cfm?AthleteID=3637,https://twitter.com/KrisHumphries
index.cfm?AthleteID=13603,https://twitter.com/Marshon2
index.cfm?AthleteID=7570,https://twitter.com/RajonRondo
index.cfm?CatID=74,
index.cfm?AthleteID=24202,https://twitter.com/ASqared06
index.cfm?AthleteID=8716,https://twitter.com/drayblatche
index.cfm?AthleteID=14176,https://twitter.com/DeronWilliams
index.cfm?AthleteID=673,https://twitter.com/jasonterry31
index.cfm?AthleteID=13765,https://twitter.com/TheJoeJohnson7
index.cfm?AthleteID=27409,https://twitter.com/Teletovic33
index.cfm?AthleteID=445,https://twitter.com/paulpierce34
index.cfm?AthleteID=3349,https://twitter.com/ReggieEvans30
index.cfm?AthleteID=27406,https://twitter.com/ShaunLivingston
index.cfm?AthleteID=18493,https://twitter.com/tyshawntaylor
index.cfm?CatID=24,
index.cfm?AthleteID=9028,https://twitter.com/ATolliver44
index.cfm?AthleteID=8656,https://twitter.com/BenGordon8
index.cfm?AthleteID=15550,https://twitter.com/bismackbiyombo0
index.cfm?AthleteID=1477,https://twitter.com/GhJr09
index.cfm?AthleteID=13453,https://twitter.com/KembaWalker
index.cfm?AthleteID=18520,https://twitter.com/MKG14
index.cfm?CatID=28,
index.cfm?AthleteID=22672,https://twitter.com/MisterCBooz
index.cfm?AthleteID=21793,https://twitter.com/drose
index.cfm?AthleteID=13474,https://twitter.com/JimmyButler
index.cfm?AthleteID=16663,https://twitter.com/JoakimNoah
index.cfm?AthleteID=8218,https://twitter.com/LuolDeng9
index.cfm?AthleteID=23644,https://twitter.com/marquisteague25
index.cfm?AthleteID=1033,https://twitter.com/mikejames7
index.cfm?AthleteID=1225,https://twitter.com/NazrMohammed
index.cfm?AthleteID=9151,https://twitter.com/TajGibson22
index.cfm?CatID=32,
index.cfm?AthleteID=11611,https://twitter.com/GeeAlonzo
index.cfm?AthleteID=24226,https://twitter.com/VAREJAOANDERSON
index.cfm?AthleteID=23713,https://twitter.com/masfresco
index.cfm?AthleteID=18568,https://twitter.com/dionwaiters3
index.cfm?AthleteID=2434,https://twitter.com/Jarrettjack03
index.cfm?AthleteID=14179,https://twitter.com/KyrieIrving
index.cfm?AthleteID=13492,https://twitter.com/RealTristan13
index.cfm?AthleteID=18475,https://twitter.com/ZellerTyler
index.cfm?CatID=37,
index.cfm?AthleteID=19366,https://twitter.com/BernardJame5
index.cfm?AthleteID=12373,https://twitter.com/bwright34
index.cfm?AthleteID=2140,https://twitter.com/DeJuan45
index.cfm?AthleteID=26503,https://twitter.com/Dev34Harris
index.cfm?AthleteID=9793,https://twitter.com/swish41
index.cfm?AthleteID=18943,https://twitter.com/CJC9BOSS
index.cfm?AthleteID=15766,https://twitter.com/JmCalderon3
index.cfm?AthleteID=484,https://twitter.com/matrix31
index.cfm?AthleteID=8359,https://twitter.com/mrvincecarter15
index.cfm?AthleteID=14851,https://twitter.com/WayneElli22
index.cfm?CatID=41,
index.cfm?AthleteID=8797,https://twitter.com/TheARandolph
index.cfm?AthleteID=4075,https://twitter.com/gallinari8888
index.cfm?AthleteID=23431,https://twitter.com/EvanFourmizz
index.cfm?AthleteID=2176,https://twitter.com/JaValeMcGee34
index.cfm?AthleteID=22600,https://twitter.com/Hickson21
index.cfm?AthleteID=13555,https://twitter.com/J_Goin_HAM
index.cfm?AthleteID=13549,https://twitter.com/KennethFaried35
index.cfm?AthleteID=1177,https://twitter.com/nate_robinson
index.cfm?AthleteID=19369,https://twitter.com/qmillertime
index.cfm?AthleteID=349,https://twitter.com/randyfoye
index.cfm?AthleteID=4099,https://twitter.com/TyLawson3
index.cfm?AthleteID=8944,https://twitter.com/wilsonchandler
index.cfm?CatID=43,
index.cfm?AthleteID=18523,https://twitter.com/AndreDrummondd
index.cfm?AthleteID=27427,https://twitter.com/BrandonJennings
index.cfm?AthleteID=163,https://twitter.com/CVBelieve
index.cfm?AthleteID=24469,https://twitter.com/M10OSE
index.cfm?AthleteID=11764,https://twitter.com/JonasJerebko
index.cfm?AthleteID=15571,https://twitter.com/BigJorts55
index.cfm?AthleteID=14188,https://twitter.com/KyleSingler
index.cfm?CatID=440,
index.cfm?AthleteID=5443,https://twitter.com/SoyElChapu
index.cfm?AthleteID=23647,https://twitter.com/bhans23
index.cfm?AthleteID=3697,https://twitter.com/BBROWNLAU
index.cfm?AthleteID=1873,https://twitter.com/BokiNachbar
index.cfm?AthleteID=23581,https://twitter.com/chiggins11
index.cfm?AthleteID=9241,https://twitter.com/Cbrackins_33
index.cfm?AthleteID=3358,https://twitter.com/Csmeezy1
index.cfm?AthleteID=18505,https://twitter.com/xtraGORDONary32
index.cfm?AthleteID=12523,https://twitter.com/Big_G_21
index.cfm?AthleteID=22960,https://twitter.com/Jpullz0
index.cfm?AthleteID=16606,https://twitter.com/ImJustPargo
index.cfm?AthleteID=3082,https://twitter.com/J_Flynn
index.cfm?AthleteID=13465,https://twitter.com/joshselby32
index.cfm?AthleteID=535,https://twitter.com/HebrewJEWright
index.cfm?AthleteID=18547,https://twitter.com/Englishscope24
index.cfm?AthleteID=8533,https://twitter.com/a15magnum
index.cfm?AthleteID=10273,https://twitter.com/313MannyHarris
index.cfm?AthleteID=13564,https://twitter.com/NdotSmitty
index.cfm?AthleteID=9358,https://twitter.com/pewingjr6
index.cfm?AthleteID=3448,https://twitter.com/13POB13
index.cfm?AthleteID=9364,https://twitter.com/PoohJeter
index.cfm?AthleteID=616,https://twitter.com/SashaVujacic
index.cfm?AthleteID=2446,https://twitter.com/BigMay42
index.cfm?AthleteID=2008,https://twitter.com/SheldenWilliams
index.cfm?AthleteID=3709,https://twitter.com/Sonny13
index.cfm?AthleteID=280,https://twitter.com/StarburyMarbury
index.cfm?AthleteID=14830,https://twitter.com/FlightLeslie23
index.cfm?AthleteID=5386,https://twitter.com/vonwafer13
index.cfm?AthleteID=12520,https://twitter.com/zayrd1
index.cfm?CatID=48,
index.cfm?AthleteID=14836,https://twitter.com/andre
index.cfm?AthleteID=27421,https://twitter.com/andrewbogut
index.cfm?AthleteID=15652,https://twitter.com/Dlee042
index.cfm?AthleteID=18508,https://twitter.com/Money23Green
index.cfm?AthleteID=18511,https://twitter.com/fezzyfel
index.cfm?AthleteID=18472,https://twitter.com/hbarnes
index.cfm?AthleteID=2617,https://twitter.com/jermaineoneal
index.cfm?AthleteID=23464,https://twitter.com/24Bazemore
index.cfm?AthleteID=11278,https://twitter.com/Mospeights16
index.cfm?AthleteID=2095,https://twitter.com/StephenCurry30
index.cfm?CatID=51,
index.cfm?AthleteID=1951,https://twitter.com/Thirty2zero
index.cfm?AthleteID=13462,https://twitter.com/ChandlerParsons
index.cfm?AthleteID=24331,https://twitter.com/DonatasMot
index.cfm?AthleteID=295,https://twitter.com/DwightHoward
index.cfm?AthleteID=16555,https://twitter.com/Ju_Smith4
index.cfm?AthleteID=2230,https://twitter.com/JHarden13
index.cfm?AthleteID=8524,https://twitter.com/JLin7
index.cfm?AthleteID=22954,https://twitter.com/AsikOmer
index.cfm?AthleteID=9469,https://twitter.com/Casspi18
index.cfm?AthleteID=8674,https://twitter.com/patbev21
index.cfm?AthleteID=12088,https://twitter.com/RonnieBrewerJr
index.cfm?AthleteID=18454,https://twitter.com/TerrenceJones1
index.cfm?CatID=53,
index.cfm?AthleteID=3544,https://twitter.com/Quietstorm_32
index.cfm?AthleteID=433,https://twitter.com/dgranger33
index.cfm?AthleteID=9814,https://twitter.com/D_West30
index.cfm?AthleteID=23692,https://twitter.com/dsloan15
index.cfm?AthleteID=3865,https://twitter.com/George_Hill3
index.cfm?AthleteID=15649,https://twitter.com/ianmahinmi
index.cfm?AthleteID=16426,https://twitter.com/StephensonLance
index.cfm?AthleteID=5392,https://twitter.com/LScola4
index.cfm?AthleteID=23650,https://twitter.com/OrlandoVJohnson
index.cfm?AthleteID=8113,https://twitter.com/Yg_Trece
index.cfm?AthleteID=9217,https://twitter.com/Hoya2aPacer
index.cfm?CatID=59,
index.cfm?AthleteID=847,https://twitter.com/blakegriffin32
index.cfm?AthleteID=23698,https://twitter.com/byron22mullens
index.cfm?AthleteID=2221,https://twitter.com/CP3
index.cfm?AthleteID=10492,https://twitter.com/Darren_Collison
index.cfm?AthleteID=1942,https://twitter.com/deandrejordan6
index.cfm?AthleteID=15046,https://twitter.com/JCrossover
index.cfm?AthleteID=2308,https://twitter.com/JaredDudley619
index.cfm?AthleteID=13390,https://twitter.com/JJRedick
index.cfm?AthleteID=23755,https://twitter.com/MaalikWayns2
index.cfm?AthleteID=5143,https://twitter.com/Matt_Barnes22
index.cfm?AthleteID=16195,https://twitter.com/TheRyanHollins
index.cfm?AthleteID=27487,https://twitter.com/DetroitWillie34
index.cfm?CatID=61,
index.cfm?AthleteID=11104,https://twitter.com/ChrisKaman
index.cfm?AthleteID=15835,https://twitter.com/Jmeeks20
index.cfm?AthleteID=27436,https://twitter.com/JrFarmar
index.cfm?AthleteID=4642,https://twitter.com/jordanchill43
index.cfm?AthleteID=24154,https://twitter.com/kobebryant
index.cfm?AthleteID=14839,https://twitter.com/NickSwagyPYoung
index.cfm?AthleteID=12325,https://twitter.com/paugasol
index.cfm?AthleteID=27445,https://twitter.com/Bobby_Sacre
index.cfm?AthleteID=27442,https://twitter.com/RyanKelly34
index.cfm?AthleteID=15151,https://twitter.com/JuliAn_TheDon
index.cfm?AthleteID=8272,https://twitter.com/SteveBlake5
index.cfm?AthleteID=292,https://twitter.com/SteveNash
index.cfm?AthleteID=27418,https://twitter.com/Weside11
index.cfm?AthleteID=27415,https://twitter.com/XavierHenry
index.cfm?CatID=62,
index.cfm?AthleteID=6532,https://twitter.com/eddavis32
index.cfm?AthleteID=27451,https://twitter.com/jerrydbayless
index.cfm?AthleteID=13696,https://twitter.com/JLeu30
index.cfm?AthleteID=12097,https://twitter.com/kostakoufos
index.cfm?AthleteID=14578,https://twitter.com/MarcGasol
index.cfm?AthleteID=2845,https://twitter.com/mconley11
index.cfm?AthleteID=442,https://twitter.com/MikeMiller_13
index.cfm?AthleteID=6529,https://twitter.com/QuincyPondexter
index.cfm?AthleteID=12394,https://twitter.com/aa000G9
index.cfm?AthleteID=16633,https://twitter.com/MacBo50
index.cfm?CatID=64,
index.cfm?AthleteID=277,https://twitter.com/chrisbosh
index.cfm?AthleteID=1939,https://twitter.com/DwyaneWade
index.cfm?AthleteID=8158,https://twitter.com/KingJames
index.cfm?AthleteID=2620,https://twitter.com/mchalmers15
index.cfm?AthleteID=16612,https://twitter.com/easyst0
index.cfm?AthleteID=26710,https://twitter.com/PG30_MIA
index.cfm?AthleteID=2770,https://twitter.com/greenRAYn20
index.cfm?AthleteID=316,https://twitter.com/MoneyMase
index.cfm?AthleteID=12235,https://twitter.com/ShaneBattier
index.cfm?AthleteID=15094,https://twitter.com/ThisIsUD
index.cfm?CatID=65,
index.cfm?AthleteID=13552,https://twitter.com/Goodknight11
index.cfm?AthleteID=9121,https://twitter.com/cabezadelfino
index.cfm?AthleteID=7528,https://twitter.com/realtuffjuice
index.cfm?AthleteID=7915,https://twitter.com/EkpeUdoh
index.cfm?AthleteID=18451,https://twitter.com/_John_Henson_
index.cfm?AthleteID=18463,https://twitter.com/Khris22m
index.cfm?AthleteID=8008,https://twitter.com/LarrySanders
index.cfm?AthleteID=15598,https://twitter.com/JuiceMayo32
index.cfm?AthleteID=538,https://twitter.com/zaza27
index.cfm?CatID=66,
index.cfm?AthleteID=14842,https://twitter.com/CBudinger
index.cfm?AthleteID=7684,https://twitter.com/CoreyBrewer13
index.cfm?AthleteID=10852,https://twitter.com/DlamarC33
index.cfm?AthleteID=13456,https://twitter.com/Derr13k
index.cfm?AthleteID=8695,https://twitter.com/jjbareapr
index.cfm?AthleteID=10864,https://twitter.com/kevinlove
index.cfm?AthleteID=1435,https://twitter.com/rickyrubio9
index.cfm?AthleteID=6685,https://twitter.com/Ronny_Turiaf
index.cfm?CatID=235,
index.cfm?AthleteID=229,https://twitter.com/AlvinGentry
index.cfm?AthleteID=18184,https://twitter.com/CoachKarl22
index.cfm?AthleteID=9295,https://twitter.com/RealJasonKidd
index.cfm?AthleteID=13867,https://twitter.com/MarkJackson13
index.cfm?AthleteID=4402,https://twitter.com/MikeFratello
index.cfm?CatID=330,
index.cfm?AthleteID=8824,https://twitter.com/AThornton14
index.cfm?AthleteID=9370,https://twitter.com/andyrautins1
index.cfm?AthleteID=12922,https://twitter.com/AJALLDAY1
index.cfm?AthleteID=256,https://twitter.com/Baron_Davis
index.cfm?AthleteID=238,https://twitter.com/BrianCardinal
index.cfm?AthleteID=24235,https://twitter.com/Scalabrine
index.cfm?AthleteID=8800,https://twitter.com/CDuhonStandTall
index.cfm?AthleteID=487,https://twitter.com/BlessedTaft
index.cfm?AthleteID=26236,https://twitter.com/ChrisWilcox44
index.cfm?AthleteID=9187,https://twitter.com/christeyenga8
index.cfm?AthleteID=8830,https://twitter.com/Corey_Maggette
index.cfm?AthleteID=6550,https://twitter.com/TheDaSeanButler
index.cfm?AthleteID=7762,https://twitter.com/DC4Three
index.cfm?AthleteID=8575,https://twitter.com/dahntay1
index.cfm?AthleteID=2296,https://twitter.com/DSummersTime
index.cfm?AthleteID=13450,https://twitter.com/dwilkins3000
index.cfm?AthleteID=18583,https://twitter.com/KONJames10
index.cfm?AthleteID=8992,https://twitter.com/djones19
index.cfm?AthleteID=13726,https://twitter.com/DGadzuric
index.cfm?AthleteID=8998,https://twitter.com/BooBysWorld1
index.cfm?AthleteID=8863,https://twitter.com/ParkaySmooth
index.cfm?AthleteID=13609,https://twitter.com/OSULighty23
index.cfm?AthleteID=15154,https://twitter.com/CharleeRedz13
index.cfm?AthleteID=23602,https://twitter.com/jetjones18
index.cfm?AthleteID=8302,https://twitter.com/D_Brown4
index.cfm?AthleteID=9559,https://twitter.com/RebuildCaracter
index.cfm?AthleteID=15547,https://twitter.com/sagana7
index.cfm?AthleteID=8005,https://twitter.com/Peedi3416
index.cfm?AthleteID=8806,https://twitter.com/DevinEbanks3
index.cfm?AthleteID=23701,https://twitter.com/kingarrett10
index.cfm?AthleteID=12277,https://twitter.com/dj_white3
index.cfm?AthleteID=15646,https://twitter.com/Dojo20
index.cfm?AthleteID=2035,https://twitter.com/DrewGooden
index.cfm?AthleteID=13681,https://twitter.com/0goudelock
index.cfm?AthleteID=7405,https://twitter.com/earldee
index.cfm?AthleteID=16198,https://twitter.com/Eddy_Curry
index.cfm?AthleteID=7057,https://twitter.com/ewill901
index.cfm?AthleteID=18502,https://twitter.com/Fabpmelo
index.cfm?AthleteID=10942,https://twitter.com/GForbz3
index.cfm?AthleteID=7861,https://twitter.com/hdubb21
index.cfm?AthleteID=8083,https://twitter.com/H55ndiaye
index.cfm?AthleteID=3898,https://twitter.com/HamedHaddadi15
index.cfm?AthleteID=7948,https://twitter.com/youngwhiteside
index.cfm?AthleteID=5665,https://twitter.com/JGidd4
index.cfm?AthleteID=2143,https://twitter.com/JackMcClinton
index.cfm?AthleteID=13459,https://twitter.com/JaJuanJohnson
index.cfm?AthleteID=24199,https://twitter.com/jasoncollins98
index.cfm?AthleteID=1015,https://twitter.com/Adrien4
index.cfm?AthleteID=13711,https://twitter.com/jeremytyler3
index.cfm?AthleteID=5998,https://twitter.com/jtaylor8ball
index.cfm?AthleteID=15769,https://twitter.com/jerome_jordan
index.cfm?AthleteID=16831,https://twitter.com/jerrystackhouse
index.cfm?AthleteID=394,https://twitter.com/SeeJoeDunk
index.cfm?AthleteID=811,https://twitter.com/JoeCrawford5
index.cfm?AthleteID=10681,https://twitter.com/JoeBeast95
index.cfm?AthleteID=2161,https://twitter.com/MrJonBrockman
index.cfm?AthleteID=9283,https://twitter.com/JonScheyer
index.cfm?AthleteID=13612,https://twitter.com/Jwilliams20
index.cfm?AthleteID=8305,https://twitter.com/JChillin
index.cfm?AthleteID=11011,https://twitter.com/JP21Reasons
index.cfm?AthleteID=13606,https://twitter.com/Tru_Harp32
index.cfm?AthleteID=24799,https://twitter.com/JustHolla7
index.cfm?AthleteID=4366,https://twitter.com/KAzubuike7
index.cfm?AthleteID=18517,https://twitter.com/KButter5
index.cfm?AthleteID=24808,https://twitter.com/RealKrisJo
index.cfm?AthleteID=3703,https://twitter.com/kyleweaver5
index.cfm?AthleteID=208,https://twitter.com/RealLamarOdom
index.cfm?AthleteID=11467,https://twitter.com/TheBlurBarbosa
index.cfm?AthleteID=9124,https://twitter.com/Leon_Powe
index.cfm?AthleteID=9952,https://twitter.com/Lester26Hudson
index.cfm?AthleteID=17128,https://twitter.com/LouAmundson17
index.cfm?AthleteID=23758,https://twitter.com/LukeZeller40
index.cfm?AthleteID=9427,https://twitter.com/MarcusCamby23
index.cfm?AthleteID=6316,https://twitter.com/Marquis_Daniels
index.cfm?AthleteID=13741,https://twitter.com/Matt_Carroll_
index.cfm?AthleteID=9931,https://twitter.com/mjanning23
index.cfm?AthleteID=9280,https://twitter.com/moeager
index.cfm?AthleteID=430,https://twitter.com/Da_Finster
index.cfm?AthleteID=10870,https://twitter.com/MickaelPietrus
index.cfm?AthleteID=18592,https://twitter.com/UpnComin32
index.cfm?AthleteID=2461,https://twitter.com/mopete24
index.cfm?AthleteID=9214,https://twitter.com/Primozbrezec
index.cfm?AthleteID=496,https://twitter.com/QRich
index.cfm?AthleteID=193,https://twitter.com/RasualButler45
index.cfm?AthleteID=6292,https://twitter.com/reggiew55
index.cfm?AthleteID=5926,https://twitter.com/R_Balkman32
index.cfm?AthleteID=12043,https://twitter.com/ripcityhamilton
index.cfm?AthleteID=19243,https://twitter.com/RobbieHummel
index.cfm?AthleteID=2332,https://twitter.com/ROYALTIVEY
index.cfm?AthleteID=18946,https://twitter.com/Highway_30
index.cfm?AthleteID=532,https://twitter.com/rudy5fernandez
index.cfm?AthleteID=9670,https://twitter.com/RyT5
index.cfm?AthleteID=3646,https://twitter.com/SamYoung4
index.cfm?AthleteID=3718,https://twitter.com/SeanSingletary
index.cfm?AthleteID=17476,https://twitter.com/BassyS31T
index.cfm?AthleteID=8548,https://twitter.com/ShannonBrown
index.cfm?AthleteID=6580,https://twitter.com/SHERRONCOLLINS4
index.cfm?AthleteID=15583,https://twitter.com/DaTrillStak5
index.cfm?AthleteID=3301,https://twitter.com/tgriff32
index.cfm?AthleteID=1510,https://twitter.com/TheRealTWill
index.cfm?AthleteID=7930,https://twitter.com/KeetahLee
index.cfm?AthleteID=13486,https://twitter.com/TreyThompkins
index.cfm?AthleteID=16192,https://twitter.com/thoneycutt23
index.cfm?AthleteID=23719,https://twitter.com/CHILLCONROY
index.cfm?AthleteID=9802,https://twitter.com/1023sVeryOwn
index.cfm?CatID=329,
index.cfm?AthleteID=8326,https://twitter.com/cavsdan
index.cfm?AthleteID=9424,https://twitter.com/GregInUtah
index.cfm?AthleteID=172,https://twitter.com/mcuban
index.cfm?AthleteID=9418,https://twitter.com/PaulGAllen
index.cfm?CatID=75,
index.cfm?AthleteID=8053,https://twitter.com/farouq1
index.cfm?AthleteID=18484,https://twitter.com/AntDavis23
index.cfm?AthleteID=3640,https://twitter.com/MrAnthonyMorrow
index.cfm?AthleteID=7168,https://twitter.com/youngflashy21
index.cfm?AthleteID=18481,https://twitter.com/AustinRivers25
index.cfm?AthleteID=18487,https://twitter.com/uknum1
index.cfm?AthleteID=13201,https://twitter.com/TheofficialEG10
index.cfm?AthleteID=20998,https://twitter.com/gregstiemsma
index.cfm?AthleteID=27457,https://twitter.com/JasonSmith014
index.cfm?AthleteID=14272,https://twitter.com/Jrue_Holiday11
index.cfm?AthleteID=23434,https://twitter.com/slangmagic
index.cfm?AthleteID=13396,https://twitter.com/ryananderson33
index.cfm?AthleteID=15760,https://twitter.com/TyrekeEvans
index.cfm?CatID=81,
index.cfm?AthleteID=1678,https://twitter.com/Amareisreal
index.cfm?AthleteID=8398,https://twitter.com/AndreaBargnani
index.cfm?AthleteID=3400,https://twitter.com/carmeloanthony
index.cfm?AthleteID=7084,https://twitter.com/colea45
index.cfm?AthleteID=13615,https://twitter.com/I_Am_Iman
index.cfm?AthleteID=16603,https://twitter.com/TheRealJRSmith
index.cfm?AthleteID=17752,https://twitter.com/KenyonMartinSr
index.cfm?AthleteID=4117,https://twitter.com/MettaWorldPeace
index.cfm?AthleteID=23767,https://twitter.com/PPrigioni9
index.cfm?AthleteID=23764,https://twitter.com/RFeltonGBMS
index.cfm?AthleteID=241,https://twitter.com/tysonchandler
index.cfm?CatID=84,
index.cfm?AthleteID=289,https://twitter.com/derekfisher
index.cfm?AthleteID=1018,https://twitter.com/HasheemTheDream
index.cfm?AthleteID=18460,https://twitter.com/jlamb
index.cfm?AthleteID=24058,https://twitter.com/KendrickPerkins
index.cfm?AthleteID=775,https://twitter.com/KDTrey5
index.cfm?AthleteID=1522,https://twitter.com/nickcollison4
index.cfm?AthleteID=18457,https://twitter.com/Perry_Jones1
index.cfm?AthleteID=14269,https://twitter.com/rjOKCson_15
index.cfm?AthleteID=1525,https://twitter.com/russwest44
index.cfm?AthleteID=2350,https://twitter.com/GotGomes
index.cfm?AthleteID=8131,https://twitter.com/sergeibaka9
index.cfm?AthleteID=1234,https://twitter.com/ThaboSefolosha
index.cfm?CatID=85,
index.cfm?AthleteID=18580,https://twitter.com/nicholaf44
index.cfm?AthleteID=12430,https://twitter.com/arronafflalo
index.cfm?AthleteID=23716,https://twitter.com/DLamb20
index.cfm?AthleteID=16423,https://twitter.com/ETwaun55
index.cfm?AthleteID=7402,https://twitter.com/iambigbaby11
index.cfm?AthleteID=22705,https://twitter.com/hidoturkoglu15
index.cfm?AthleteID=8413,https://twitter.com/jameernelson
index.cfm?AthleteID=9313,https://twitter.com/JasonMaxiell
index.cfm?AthleteID=25156,https://twitter.com/Kyle_OQuinn
index.cfm?AthleteID=18544,https://twitter.com/moe_harkless
index.cfm?AthleteID=13567,https://twitter.com/tobias31
index.cfm?CatID=87,
index.cfm?AthleteID=18490,https://twitter.com/amoultrie
index.cfm?AthleteID=8002,https://twitter.com/danielorton21
index.cfm?AthleteID=13558,https://twitter.com/dariusmorris4
index.cfm?AthleteID=6463,https://twitter.com/thekidet
index.cfm?AthleteID=18586,https://twitter.com/JA_Five
index.cfm?AthleteID=310,https://twitter.com/jrich23
index.cfm?AthleteID=16594,https://twitter.com/chefVOYardee
index.cfm?AthleteID=11458,https://twitter.com/spencerhawes00
index.cfm?AthleteID=2248,https://twitter.com/yungsmoove21
index.cfm?AthleteID=18535,https://twitter.com/TWroten_LOE
index.cfm?CatID=91,
index.cfm?AthleteID=12328,https://twitter.com/Channing_Frye
index.cfm?AthleteID=16432,https://twitter.com/BigMek50
index.cfm?AthleteID=7903,https://twitter.com/EBled2
index.cfm?AthleteID=15160,https://twitter.com/Goran_Dragic
index.cfm?AthleteID=27478,https://twitter.com/ishsmith
index.cfm?AthleteID=13702,https://twitter.com/Keefmorris
index.cfm?AthleteID=13477,https://twitter.com/MookMorris2
index.cfm?AthleteID=23653,https://twitter.com/milesplumlee13
index.cfm?AthleteID=22603,https://twitter.com/PJTUCKER17
index.cfm?CatID=94,
index.cfm?AthleteID=18715,https://twitter.com/Dame_Lillard
index.cfm?AthleteID=9064,https://twitter.com/DWRIGHTWAY1
index.cfm?AthleteID=16585,https://twitter.com/Earl_Watson
index.cfm?AthleteID=11488,https://twitter.com/aldridge_12
index.cfm?AthleteID=18532,https://twitter.com/MeyersLeonard11
index.cfm?AthleteID=2257,https://twitter.com/mowilliams
index.cfm?AthleteID=10846,https://twitter.com/nicolas88batum
index.cfm?AthleteID=2056,https://twitter.com/rolopez42
index.cfm?AthleteID=18496,https://twitter.com/Trobinson0
index.cfm?AthleteID=19003,https://twitter.com/Victor_Claver
index.cfm?AthleteID=11650,https://twitter.com/wessywes2
index.cfm?AthleteID=18514,https://twitter.com/WillTheThrillB5
index.cfm?CatID=170,
index.cfm?AthleteID=15763,https://twitter.com/NBA_Ironman
index.cfm?AthleteID=1240,https://twitter.com/afoyle3131
index.cfm?AthleteID=613,https://twitter.com/ALLAN_HOUSTON
index.cfm?AthleteID=1882,https://twitter.com/alleniverson
index.cfm?AthleteID=8263,https://twitter.com/AndrewGaze10
index.cfm?AthleteID=9127,https://twitter.com/_AnthonyParker
index.cfm?AthleteID=23812,https://twitter.com/WalkerAntoine8
index.cfm?AthleteID=15601,https://twitter.com/AustinCroshere
index.cfm?AthleteID=12952,https://twitter.com/BillWalton
index.cfm?AthleteID=10963,https://twitter.com/34billy42
index.cfm?AthleteID=9592,https://twitter.com/TheBobbyJackson
index.cfm?AthleteID=1432,https://twitter.com/bwgrant
index.cfm?AthleteID=250,https://twitter.com/Bowen12
index.cfm?AthleteID=3214,https://twitter.com/BRuss3
index.cfm?AthleteID=247,https://twitter.com/cedceballos
index.cfm?AthleteID=7090,https://twitter.com/CharlesOakley34
index.cfm?AthleteID=472,https://twitter.com/realchriswebber
index.cfm?AthleteID=22708,https://twitter.com/laettnerbball
index.cfm?AthleteID=9547,https://twitter.com/ChuckyBrown52
index.cfm?AthleteID=24103,https://twitter.com/UncleCliffy30
index.cfm?AthleteID=9118,https://twitter.com/CuttinosLife
index.cfm?AthleteID=8434,https://twitter.com/DanMajerle
index.cfm?AthleteID=14827,https://twitter.com/DavidtheAdmiral
index.cfm?AthleteID=1609,https://twitter.com/dennisrodman
index.cfm?AthleteID=1543,https://twitter.com/3Deezy
index.cfm?AthleteID=23752,https://twitter.com/DerekLAnderson
index.cfm?AthleteID=1816,https://twitter.com/Dschrempf
index.cfm?AthleteID=27637,https://twitter.com/officialmutombo
index.cfm?AthleteID=3430,https://twitter.com/DWilkins21
index.cfm?AthleteID=3124,https://twitter.com/Dmarsh42
index.cfm?AthleteID=11536,https://twitter.com/MagicJohnson
index.cfm?AthleteID=2041,https://twitter.com/Jumpshot8
index.cfm?AthleteID=259,https://twitter.com/obricio7
index.cfm?AthleteID=2068,https://twitter.com/2JBasketball
index.cfm?AthleteID=14278,https://twitter.com/GaryPayton_20
index.cfm?AthleteID=9112,https://twitter.com/realgranthill33
index.cfm?AthleteID=5260,https://twitter.com/GregAnthony50
index.cfm?AthleteID=22963,https://twitter.com/iamisiahthomas
index.cfm?AthleteID=202,https://twitter.com/JalenRose
index.cfm?AthleteID=802,https://twitter.com/jamalmashburn
index.cfm?AthleteID=23404,https://twitter.com/JamesWorthy42
index.cfm?AthleteID=6235,https://twitter.com/BTNJimJackson
index.cfm?AthleteID=1378,https://twitter.com/JohnAmaechi
index.cfm?AthleteID=1507,https://twitter.com/thejohnsalley
index.cfm?AthleteID=25834,https://twitter.com/OfficialDrJ6
index.cfm?AthleteID=913,https://twitter.com/kaj33
index.cfm?AthleteID=24100,https://twitter.com/TheDeliverer_32
index.cfm?AthleteID=1981,https://twitter.com/chibbs_1
index.cfm?AthleteID=469,https://twitter.com/TheJetOnTNT
index.cfm?AthleteID=2173,https://twitter.com/KJ_MayorJohnson
index.cfm?AthleteID=25576,https://twitter.com/THEleekAllen30
index.cfm?AthleteID=955,https://twitter.com/madsen_mark
index.cfm?AthleteID=11461,https://twitter.com/Mateen_Cleaves
index.cfm?AthleteID=15739,https://twitter.com/bull50
index.cfm?AthleteID=15268,https://twitter.com/mharpring15
index.cfm?AthleteID=18595,https://twitter.com/MehmetOkur13
index.cfm?AthleteID=15247,https://twitter.com/ShowtimeCooper
index.cfm?AthleteID=11047,https://twitter.com/mitchrichmond23
index.cfm?AthleteID=10150,https://twitter.com/MuggsyBogues
index.cfm?AthleteID=4696,https://twitter.com/paulthenshirley
index.cfm?AthleteID=9544,https://twitter.com/ReggieMillerTNT
index.cfm?AthleteID=23008,https://twitter.com/rexchapman
index.cfm?AthleteID=778,https://twitter.com/RickFox
index.cfm?AthleteID=14833,https://twitter.com/RKHorry
index.cfm?AthleteID=3439,https://twitter.com/rybo40
index.cfm?AthleteID=15595,https://twitter.com/scottwill42
index.cfm?AthleteID=8782,https://twitter.com/ScottiePippen
index.cfm?AthleteID=199,https://twitter.com/SHAQ
index.cfm?AthleteID=181,https://twitter.com/speeddeamon
index.cfm?AthleteID=23728,https://twitter.com/SteveKerr
index.cfm?AthleteID=478,https://twitter.com/steve21smith
index.cfm?AthleteID=1312,https://twitter.com/tj_ford
index.cfm?AthleteID=15898,https://twitter.com/Real_T_Mac
index.cfm?AthleteID=25579,https://twitter.com/RealTracyMurray
index.cfm?AthleteID=18229,https://twitter.com/wallyball
index.cfm?AthleteID=16213,https://twitter.com/WaltFrazier
index.cfm?AthleteID=3823,https://twitter.com/YaoMing
index.cfm?CatID=96,
index.cfm?AthleteID=7723,https://twitter.com/CarlLandry
index.cfm?AthleteID=18598,https://twitter.com/c_hayes44
index.cfm?AthleteID=6460,https://twitter.com/boogiecousins
index.cfm?AthleteID=7900,https://twitter.com/greivisvasquez
index.cfm?AthleteID=13666,https://twitter.com/Isaiah_Thomas
index.cfm?AthleteID=205,https://twitter.com/jtthekid
index.cfm?AthleteID=13528,https://twitter.com/jimmerfredette
index.cfm?AthleteID=4540,https://twitter.com/mbahamoute
index.cfm?AthleteID=11995,https://twitter.com/OfficialMT23
index.cfm?AthleteID=7906,https://twitter.com/pdpatt
index.cfm?CatID=97,
index.cfm?AthleteID=9799,https://twitter.com/theborisdiaw
index.cfm?AthleteID=16609,https://twitter.com/Cory_Joe
index.cfm?AthleteID=12361,https://twitter.com/DGreen_14
index.cfm?AthleteID=2998,https://twitter.com/manuginobili
index.cfm?AthleteID=5056,https://twitter.com/marcobelinelli
index.cfm?AthleteID=25837,https://twitter.com/NandoDeColo
index.cfm?AthleteID=2089,https://twitter.com/Patty_Mills
index.cfm?AthleteID=8329,https://twitter.com/tiagosplitter
index.cfm?AthleteID=3451,https://twitter.com/tonyparker
index.cfm?CatID=111,
index.cfm?AthleteID=27412,https://twitter.com/AaronGray_34
index.cfm?AthleteID=6469,https://twitter.com/IamAmirJohnson
index.cfm?AthleteID=2809,https://twitter.com/Adaye5
index.cfm?AthleteID=2047,https://twitter.com/DeMar_DeRozan
index.cfm?AthleteID=3433,https://twitter.com/Klow7
index.cfm?AthleteID=7927,https://twitter.com/landryfields
index.cfm?AthleteID=18478,https://twitter.com/QuincyAcy
index.cfm?AthleteID=1711,https://twitter.com/RudyGay8
index.cfm?AthleteID=9979,https://twitter.com/stevenovak16
index.cfm?AthleteID=18529,https://twitter.com/T_DotFlight31
index.cfm?AthleteID=3262,https://twitter.com/THANS50
index.cfm?CatID=112,
index.cfm?AthleteID=13669,https://twitter.com/AlecBurks10
index.cfm?AthleteID=8545,https://twitter.com/BRush_25
index.cfm?AthleteID=15580,https://twitter.com/dfavors14
index.cfm?AthleteID=13729,https://twitter.com/Enes_Kanter
index.cfm?AthleteID=8554,https://twitter.com/gordonhayward
index.cfm?AthleteID=16429,https://twitter.com/jatinsley
index.cfm?AthleteID=16582,https://twitter.com/JeremyEvans40
index.cfm?AthleteID=12250,https://twitter.com/Luke1luk
index.cfm?CatID=116,
index.cfm?AthleteID=16435,https://twitter.com/cheddahcheese7
index.cfm?AthleteID=18466,https://twitter.com/RealDealBeal23
index.cfm?AthleteID=13600,https://twitter.com/C_SING31
index.cfm?AthleteID=2398,https://twitter.com/EMaynor3
index.cfm?AthleteID=9664,https://twitter.com/GTemp14
index.cfm?AthleteID=24196,https://twitter.com/JanVesely24
index.cfm?AthleteID=6457,https://twitter.com/JohnWall
index.cfm?AthleteID=16924,https://twitter.com/kevin_seraphin
index.cfm?AthleteID=4528,https://twitter.com/MGortat
index.cfm?AthleteID=4618,https://twitter.com/MartellWebster
index.cfm?AthleteID=3016,https://twitter.com/TrevorAriza
index.cfm?AthleteID=8407,https://twitter.com/35_Fitz
index.cfm?athleteID=1750,https://twitter.com/ochocinco
index.cfm?CatID=218&People=1,
index.cfm?athleteID=11236,https://twitter.com/MoneyLynch
index.cfm?CatID=103&People=1,
index.cfm?athleteID=15085,https://twitter.com/ShannonSharpe
index.cfm?CatID=169&People=1,
http://ResponsiveInc.com/,
http://Twitter.com,
