group,name,followers,twitter_url_link,img_src
"Center","Alex Len","12592 followers ","index.cfm?AthleteID=26128","http://pbs.twimg.com/profile_images/378800000153839765/6e86761e7ae68a29c041e6d22cdfcd49_normal.png"
"Shooting Guard","Allen Crabbe","9966 followers ","index.cfm?AthleteID=26038","http://pbs.twimg.com/profile_images/539589677662355456/3m8i6dpU_normal.jpeg"
"Forward","Andre Roberson","11687 followers ","index.cfm?AthleteID=27475","http://pbs.twimg.com/profile_images/555600187985362944/M9Tn90OR_normal.jpeg"
"Forward","Anthony Bennett","61918 followers ","index.cfm?AthleteID=26002","http://pbs.twimg.com/profile_images/553251593752432640/UkPVLLmP_normal.jpeg"
"Shooting Guard","Archie Goodwin","112467 followers ","index.cfm?AthleteID=26131","http://pbs.twimg.com/profile_images/554322188468494337/O8gFBMAV_normal.jpeg"
"Forward","Arsalan Kazemi","7076 followers ","index.cfm?AthleteID=26119","http://pbs.twimg.com/profile_images/504912098368180224/w5IWHmR2_normal.jpeg"
"Shooting Guard","Ben McLemore","91520 followers ","index.cfm?AthleteID=26032","http://pbs.twimg.com/profile_images/548329893453242368/beAHcYdM_normal.jpeg"
"Shooting Guard","Brandon Paul","24545 followers ","index.cfm?AthleteID=26035","http://pbs.twimg.com/profile_images/526497523071217665/KBffDZwo_normal.jpeg"
"Guard","CJ McCollum","39986 followers ","index.cfm?AthleteID=26008","http://pbs.twimg.com/profile_images/482158833557860352/gPQkrykF_normal.jpeg"
"Power Forward","Cody Zeller","90281 followers ","index.cfm?AthleteID=26005","http://pbs.twimg.com/profile_images/378800000232442702/118a2387e68c2e58784d29db25a2e2b7_normal.jpeg"
"Point Guard","Dennis Schröder","15811 followers ","index.cfm?AthleteID=26116","http://pbs.twimg.com/profile_images/556293741154402304/Z1TpC_vM_normal.jpeg"
"Forward","Elias Harris","11951 followers ","index.cfm?AthleteID=27433","http://pbs.twimg.com/profile_images/544994207023525888/SsVPPQE0_normal.jpeg"
"Point Guard","Erick Green","12730 followers ","index.cfm?AthleteID=26122","http://pbs.twimg.com/profile_images/553822017875877888/jYvpyu4x_normal.jpeg"
"Forward","Erik Murphy","14020 followers ","index.cfm?AthleteID=27466","http://pbs.twimg.com/profile_images/534292042390577152/s50slLwQ_normal.jpeg"
"Forward","Giannis Adetokunbo","11991 followers ","index.cfm?AthleteID=26101","http://pbs.twimg.com/profile_images/378800000648757276/439859d6bc877c55ee338c04a669f857_normal.jpeg"
"Forward","Gigi Datome","65799 followers ","index.cfm?AthleteID=27472","http://pbs.twimg.com/profile_images/3169379981/10bba62db491a55fa5d55dbff58ad8ef_normal.jpeg"
"Center","Gorgui Dieng","34533 followers ","index.cfm?AthleteID=26017","http://pbs.twimg.com/profile_images/378800000208482832/e486b15a24ea424f31b8e3855e361e94_normal.jpeg"
"Shooting Guard","Ian Clark","7890 followers ","index.cfm?AthleteID=27481","http://pbs.twimg.com/profile_images/504083659419578368/SEJQknrn_normal.jpeg"
"Point Guard","Isaiah Canaan ","30325 followers ","index.cfm?AthleteID=26104","http://pbs.twimg.com/profile_images/532320325141528576/K6sY-T7q_normal.jpeg"
"Forward","James Ennis","19104 followers ","index.cfm?AthleteID=26125","http://pbs.twimg.com/profile_images/499002160735330304/2UIvyNp9_normal.jpeg"
"Center","Jeff Withey","37829 followers ","index.cfm?AthleteID=27439","http://pbs.twimg.com/profile_images/549325127067107329/zvrNho02_normal.jpeg"
"Center","Kelly Olynyk","35097 followers ","index.cfm?AthleteID=26020","http://pbs.twimg.com/profile_images/3477415550/caff876dd855279927bdc137fb7c0247_normal.jpeg"
"Shooting Guard","Kentavious Caldwell-Pope","16279 followers ","index.cfm?AthleteID=26089","http://pbs.twimg.com/profile_images/525807135972917249/yM1cvr9n_normal.jpeg"
"Center","Lucas Nogueira","9966 followers ","index.cfm?AthleteID=26113","http://pbs.twimg.com/profile_images/496004794562002945/Cl-oM42Y_normal.jpeg"
"Forward","Mason Plumlee","57661 followers ","index.cfm?AthleteID=26023","http://pbs.twimg.com/profile_images/378800000262933541/0dc5af27ace642ecc561dba47c4c703b_normal.png"
"Point Guard","Michael Carter-Williams","112975 followers ","index.cfm?AthleteID=26011","http://pbs.twimg.com/profile_images/378800000063920247/63c35d15b269d9bfc5b82e1e06e67997_normal.jpeg"
"Center","Mike Muscala","5201 followers ","index.cfm?AthleteID=26029","http://pbs.twimg.com/profile_images/538088861574787072/0MRG0Wb3_normal.jpeg"
"Point Guard","Nate Wolters","16721 followers ","index.cfm?AthleteID=26098","http://pbs.twimg.com/profile_images/482052020551970816/YW2g8Xg4_normal.jpeg"
"Point Guard","Nemanja Nedovic","25549 followers ","index.cfm?AthleteID=27460","http://pbs.twimg.com/profile_images/485671912664621056/MNSLwaG0_normal.jpeg"
"Power Forward","Nerlens Noel","181604 followers ","index.cfm?AthleteID=25993","http://pbs.twimg.com/profile_images/533874832958439424/Tf9ng06n_normal.jpeg"
"Point Guard","Peyton Siva","78667 followers ","index.cfm?AthleteID=26107","http://pbs.twimg.com/profile_images/518775819398049792/umZD_CtE_normal.jpeg"
"Point Guard","Phil Pressey","30677 followers ","index.cfm?AthleteID=27469","http://pbs.twimg.com/profile_images/479399715168325632/AgD4AcOw_normal.jpeg"
"Point Guard","Ray McCallum","15360 followers ","index.cfm?AthleteID=26095","http://pbs.twimg.com/profile_images/518209562109673472/me08_xQa_normal.jpeg"
"Shooting Guard","Reggie Bullock","69771 followers ","index.cfm?AthleteID=27484","http://pbs.twimg.com/profile_images/556182918737838080/pOqDHqXt_normal.jpeg"
"Forward","Robert Covington","7507 followers ","index.cfm?AthleteID=27448","http://pbs.twimg.com/profile_images/548304380051468288/fDuY2Qcs_normal.jpeg"
"Forward","Romero Osby","16532 followers ","index.cfm?AthleteID=26086","http://pbs.twimg.com/profile_images/433243241136521217/3s-9U1Aq_normal.jpeg"
"Center","Rudy Gobert","28553 followers ","index.cfm?AthleteID=27430","http://pbs.twimg.com/profile_images/546026854214565888/K0yEFmHW_normal.jpeg"
"Guard","Shabazz Muhammad","104137 followers ","index.cfm?AthleteID=26014","http://pbs.twimg.com/profile_images/525388388086853632/8EVm5gJp_normal.jpeg"
"Point Guard","Shane Larkin","49269 followers ","index.cfm?AthleteID=26026","http://pbs.twimg.com/profile_images/482399946973274113/kFmGXHFd_normal.jpeg"
"Forward","Solomon Hill","26175 followers ","index.cfm?AthleteID=27490","http://pbs.twimg.com/profile_images/496153469200265218/wU_KGDXX_normal.jpeg"
"Center","Steven Adams","54721 followers ","index.cfm?AthleteID=25999","http://pbs.twimg.com/profile_images/522581098711498753/gZ2PdAH6_normal.jpeg"
"Shooting Guard","Tim Hardaway Jr.","118866 followers ","index.cfm?AthleteID=26092","http://pbs.twimg.com/profile_images/378800000122818371/4a3fc290bc507378a802d9b3b6e88de8_normal.jpeg"
"Forward","Tony Mitchell","4285 followers ","index.cfm?AthleteID=26110","http://pbs.twimg.com/profile_images/3676778617/d14da379ad29f5a74491ccd6b4ca0cb5_normal.jpeg"
"Shooting Guard","Tony Snell","16760 followers ","index.cfm?AthleteID=26068","http://pbs.twimg.com/profile_images/498550073953767424/Dc1shmb2_normal.jpeg"
"Point Guard","Trey Burke","167203 followers ","index.cfm?AthleteID=25996","http://pbs.twimg.com/profile_images/429031007782588417/cu-SSOid_normal.jpeg"
"Shooting Guard","Victor Oladipo","113726 followers ","index.cfm?AthleteID=25990","http://pbs.twimg.com/profile_images/468208422706745344/h9G6wqk5_normal.jpeg"
"Power Forward","Al Horford","180330 followers ","index.cfm?AthleteID=3394","http://pbs.twimg.com/profile_images/3783578557/a0ea9155f7be688275b1fc47b2eaf4fe_normal.jpeg"
"Forward","Cartier Martin","7267 followers ","index.cfm?AthleteID=4612","http://pbs.twimg.com/profile_images/2403547084/IMG-20120420-00021_normal.jpg"
"Forward","DeMarre Carroll","23100 followers ","index.cfm?AthleteID=15157","http://pbs.twimg.com/profile_images/513781723524792320/eFoSI57S_normal.jpeg"
"Forward/Center","Gustavo Ayon","3914 followers ","index.cfm?AthleteID=23428","http://pbs.twimg.com/profile_images/2506359818/image_normal.jpg"
"Center","Gustavo Ayon","52704 followers ","index.cfm?AthleteID=27463","http://pbs.twimg.com/profile_images/514625189637025792/xwH1WqXB_normal.jpeg"
"Guard","Jared Cunningham","17223 followers ","index.cfm?AthleteID=19252","http://pbs.twimg.com/profile_images/378800000861192136/g027UqxN_normal.jpeg"
"Point Guard","Jeff Teague","52109 followers ","index.cfm?AthleteID=13501","http://pbs.twimg.com/profile_images/2954770298/992206cbba68e3dee96c16d7a19c4a14_normal.jpeg"
"Shooting Guard","John Jenkins","15880 followers ","index.cfm?AthleteID=18469","http://pbs.twimg.com/profile_images/378800000194103096/88eb817a8a071a788edc5af7070fc569_normal.jpeg"
"Guard/Forward","Kyle Korver","127890 followers ","index.cfm?AthleteID=3913","http://pbs.twimg.com/profile_images/3319905357/013dda1cab1815f8baf1212e9c9a1b90_normal.jpeg"
"Point Guard","Lou Williams","83472 followers ","index.cfm?AthleteID=2710","http://pbs.twimg.com/profile_images/1828000619/20101120-_MG_0230-35_normal.jpg"
"Power Forward","Mike Scott","14144 followers ","index.cfm?AthleteID=18526","http://pbs.twimg.com/profile_images/496843375212232705/TLTWeS7e_normal.jpeg"
"Forward","Paul Millsap","21948 followers ","index.cfm?AthleteID=27424","http://pbs.twimg.com/profile_images/465856852882771968/sAxKPYTH_normal.jpeg"
"Guard","Shelvin Mack","22259 followers ","index.cfm?AthleteID=16057","http://pbs.twimg.com/profile_images/519259574046449664/XkVpW3fI_normal.jpeg"
"Shooting Guard","Avery Bradley","99007 followers ","index.cfm?AthleteID=7939","http://pbs.twimg.com/profile_images/3093413573/10f117b4c2098c4739ff3bdeec119c3d_normal.jpeg"
"Forward","Brandon Bass","14856 followers ","index.cfm?AthleteID=27454","http://pbs.twimg.com/profile_images/344513261579226836/812e60e76c32aadc7f4c922871abede8_normal.jpeg"
"Guard/Forward","Courtney Lee","80083 followers ","index.cfm?AthleteID=15568","http://pbs.twimg.com/profile_images/3308225834/fc2899fd0ed071d498ad89e5769838bd_normal.jpeg"
"Forward","Donte Greene","27388 followers ","index.cfm?AthleteID=8389","http://pbs.twimg.com/profile_images/526456603558830081/UQSbl1Od_normal.jpeg"
"Power Forward","Jared Sullinger","175808 followers ","index.cfm?AthleteID=18541","http://pbs.twimg.com/profile_images/551896004120031232/lzJHcv18_normal.jpeg"
"Forward","Jeff Green","168783 followers ","index.cfm?AthleteID=15067","http://pbs.twimg.com/profile_images/558442120495640576/EGuCAUUn_normal.jpeg"
"Shooting Guard","Jordan Crawford","80900 followers ","index.cfm?AthleteID=7198","http://pbs.twimg.com/profile_images/2479386294/image_normal.jpg"
"Forward","Kris Humphries","897911 followers ","index.cfm?AthleteID=3637","http://pbs.twimg.com/profile_images/1321185791/khtwitter_face_normal.jpg"
"Shooting Guard","Marshon Brooks","63944 followers ","index.cfm?AthleteID=13603","http://pbs.twimg.com/profile_images/3597211502/de60ae0a51aef4a5b5a98ef4ca50c43b_normal.jpeg"
"Point Guard","Rajon Rondo","1719296 followers ","index.cfm?AthleteID=7570","http://pbs.twimg.com/profile_images/545811632954150912/_rWXM5my_normal.jpeg"
"Shooting Guard","Alan Anderson","10109 followers ","index.cfm?AthleteID=24202","http://pbs.twimg.com/profile_images/537439354743173121/CiWAuAgy_normal.jpeg"
"Forward/Center","Andray Blatche","68870 followers ","index.cfm?AthleteID=8716","http://pbs.twimg.com/profile_images/2659406515/5057434d3fbc82c54f91e420ff7e142e_normal.jpeg"
"Point Guard","Deron Williams","774046 followers ","index.cfm?AthleteID=14176","http://pbs.twimg.com/profile_images/3777607525/62d093e086e981da67efbf8bb6967152_normal.jpeg"
"Guard","Jason Terry","1026633 followers ","index.cfm?AthleteID=673","http://pbs.twimg.com/profile_images/478423612441899010/Xf9Mwwrx_normal.jpeg"
"Shooting Guard","Joe Johnson","197068 followers ","index.cfm?AthleteID=13765","http://pbs.twimg.com/profile_images/488535206669066241/zTSQymph_normal.jpeg"
"Forward","Mirza Teletovic","51319 followers ","index.cfm?AthleteID=27409","http://pbs.twimg.com/profile_images/378800000423913639/a4b6835b411344221a1fee3b00dce30a_normal.png"
"Forward","Paul Pierce","3365726 followers ","index.cfm?AthleteID=445","http://pbs.twimg.com/profile_images/534069569665896448/7H9G_mVn_normal.jpeg"
"Power Forward","Reggie Evans","62340 followers ","index.cfm?AthleteID=3349","http://pbs.twimg.com/profile_images/504280180521959424/bHslsMZS_normal.jpeg"
"Guard","Shaun Livingston","16603 followers ","index.cfm?AthleteID=27406","http://pbs.twimg.com/profile_images/545302260688105472/nYizL9WJ_normal.jpeg"
"Point Guard","Tyshawn Taylor","52855 followers ","index.cfm?AthleteID=18493","http://pbs.twimg.com/profile_images/537526987578155008/fQGTedEF_normal.jpeg"
"Center","Anthony Tolliver","32663 followers ","index.cfm?AthleteID=9028","http://pbs.twimg.com/profile_images/378800000365970699/93e865017e44d861c454e964ebd43fb6_normal.jpeg"
"Guard","Ben Gordon","97810 followers ","index.cfm?AthleteID=8656","http://pbs.twimg.com/profile_images/526367288320987138/20o6bIxS_normal.jpeg"
"Power Forward","Bismack Biyombo","51988 followers ","index.cfm?AthleteID=15550","http://pbs.twimg.com/profile_images/511183803125993472/R3ZEMkMQ_normal.jpeg"
"Guard","Gerald Henderson","38086 followers ","index.cfm?AthleteID=1477","http://pbs.twimg.com/profile_images/535288976211705856/TPudZRy7_normal.jpeg"
"Point Guard","Kemba Walker","256409 followers ","index.cfm?AthleteID=13453","http://pbs.twimg.com/profile_images/3751159632/0e3ee44c2c8bd87c2a272a4ce07ec36e_normal.jpeg"
"Small Forward","Mike Kidd-Gilchrist","240638 followers ","index.cfm?AthleteID=18520","http://pbs.twimg.com/profile_images/2210620620/IMG_8251_normal.jpg"
"Power Forward","Carlos Boozer","1723413 followers ","index.cfm?AthleteID=22672","http://pbs.twimg.com/profile_images/539486831843090432/NP83awjx_normal.jpeg"
"Point Guard","Derrick Rose","2038725 followers ","index.cfm?AthleteID=21793","http://pbs.twimg.com/profile_images/2505861908/fje5tyw4hl4f8oxovqrw_normal.jpeg"
"Small Forward","Jimmy Butler","202164 followers ","index.cfm?AthleteID=13474","http://pbs.twimg.com/profile_images/486323576471961600/LXn3d3kR_normal.jpeg"
"Center","Joakim Noah","468003 followers ","index.cfm?AthleteID=16663","http://pbs.twimg.com/profile_images/495297749458620417/zQRkm8_L_normal.jpeg"
"Forward","Luol Deng","370446 followers ","index.cfm?AthleteID=8218","http://pbs.twimg.com/profile_images/1130594536/Luol_Deng_normal.jpg"
"Guard","Marquis Teague","47892 followers ","index.cfm?AthleteID=23644","http://pbs.twimg.com/profile_images/2360713843/ugsid2rfepsxs7wt0v6x_normal.jpeg"
"Point Guard","Mike James","28010 followers ","index.cfm?AthleteID=1033","http://pbs.twimg.com/profile_images/378800000565812232/56bb258270892a1fb3c291a23c1f1697_normal.jpeg"
"Center/Forward","Nazr Mohammed","88223 followers ","index.cfm?AthleteID=1225","http://pbs.twimg.com/profile_images/485210871917195264/7mYJ9AGL_normal.jpeg"
"Power Forward","Taj Gibson","287083 followers ","index.cfm?AthleteID=9151","http://pbs.twimg.com/profile_images/3240194927/56d726d679d3a7fff09ab04dbf758d9b_normal.jpeg"
"Guard/Forward","Alonzo Gee","29614 followers ","index.cfm?AthleteID=11611","http://pbs.twimg.com/profile_images/498203587022159872/PkeUNAw-_normal.jpeg"
"Center","Anderson Varejão","87751 followers ","index.cfm?AthleteID=24226","http://pbs.twimg.com/profile_images/528056739770298368/9Jh0uZlP_normal.jpeg"
"Small Forward","C.J. Miles ","21337 followers ","index.cfm?AthleteID=23713","http://pbs.twimg.com/profile_images/550854981428191232/maSpXyv9_normal.jpeg"
"Guard","Dion Waiters","118550 followers ","index.cfm?AthleteID=18568","http://pbs.twimg.com/profile_images/378800000813802259/7dfea580b33d579f8295a6dbc01df3bf_normal.jpeg"
"Guard","Jarrett Jack","96278 followers ","index.cfm?AthleteID=2434","http://pbs.twimg.com/profile_images/378800000359484743/18c54819be87210f87c9939a4fa3c7c3_normal.jpeg"
"Point Guard","Kyrie Irving","1714501 followers ","index.cfm?AthleteID=14179","http://pbs.twimg.com/profile_images/438564615312506881/Lv5UlbI2_normal.jpeg"
"Power Forward","Tristan Thompson","111614 followers ","index.cfm?AthleteID=13492","http://pbs.twimg.com/profile_images/491004492393893888/QjPHvfyr_normal.jpeg"
"Center","Tyler Zeller","53532 followers ","index.cfm?AthleteID=18475","http://pbs.twimg.com/profile_images/2410660537/gj1lm28xa306l5t5zoe9_normal.jpeg"
"Forward","Bernard James","13438 followers ","index.cfm?AthleteID=19366","http://pbs.twimg.com/profile_images/451276015256346624/YghHPUFO_normal.jpeg"
"Power Forward","Brandan Wright","41683 followers ","index.cfm?AthleteID=12373","http://pbs.twimg.com/profile_images/555891186636824578/jAIXwnzA_normal.jpeg"
"Forward","DeJuan Blair","140754 followers ","index.cfm?AthleteID=2140","http://pbs.twimg.com/profile_images/489884383034105858/Muo5DKEo_normal.jpeg"
"Point Guard","Devin Harris","18443 followers ","index.cfm?AthleteID=26503","http://pbs.twimg.com/profile_images/553606276551147520/4xCgfZ9__normal.jpeg"
"Forward","Dirk Nowitzki","1403087 followers ","index.cfm?AthleteID=9793","http://pbs.twimg.com/profile_images/3669044632/8177070479aeb345d84745272ed1b614_normal.jpeg"
"Small Forward","Jae Crowder","32150 followers ","index.cfm?AthleteID=18943","http://pbs.twimg.com/profile_images/550033113049731073/yncQOcDn_normal.jpeg"
"Point Guard","José Calderón","367270 followers ","index.cfm?AthleteID=15766","http://pbs.twimg.com/profile_images/519456423139221504/bR453gu7_normal.jpeg"
"Forward","Shawn Marion","511944 followers ","index.cfm?AthleteID=484","http://pbs.twimg.com/profile_images/2282599325/matrix31_normal.jpg"
"Guard-Forward","Vince Carter","552064 followers ","index.cfm?AthleteID=8359","http://pbs.twimg.com/profile_images/515659085841457152/z2LNObDA_normal.jpeg"
"Shooting Guard","Wayne Ellington","42916 followers ","index.cfm?AthleteID=14851","http://pbs.twimg.com/profile_images/537350617195618304/lRvjfhYr_normal.jpeg"
"Forward","Anthony Randolph","16009 followers ","index.cfm?AthleteID=8797","http://pbs.twimg.com/profile_images/1105204050/x610_normal.jpg"
"Forward","Danilo Gallinari","465441 followers ","index.cfm?AthleteID=4075","http://pbs.twimg.com/profile_images/499603486838128640/UCnV8m6G_normal.jpeg"
"Shooting Guard","Evan Fournier","35261 followers ","index.cfm?AthleteID=23431","http://pbs.twimg.com/profile_images/540600724254519298/0Knoc7HI_normal.jpeg"
"Center","JaVale McGee","123556 followers ","index.cfm?AthleteID=2176","http://pbs.twimg.com/profile_images/556963973778903040/F5hmAaKI_normal.jpeg"
"Power Forward","JJ Hickson","17045 followers ","index.cfm?AthleteID=22600","http://pbs.twimg.com/profile_images/2786516973/85987adad6b7f8e29bf96ea8bdade8cf_normal.jpeg"
"Guard/Forward","Jordan Hamilton","37731 followers ","index.cfm?AthleteID=13555","http://pbs.twimg.com/profile_images/542696495015673857/U6sshuKB_normal.jpeg"
"Power Forward","Kenneth Faried","150042 followers ","index.cfm?AthleteID=13549","http://pbs.twimg.com/profile_images/543159185769107456/hcSA-aYe_normal.jpeg"
"Point Guard","Nate Robinson","1022001 followers ","index.cfm?AthleteID=1177","http://pbs.twimg.com/profile_images/537108333384060928/ork7cqW8_normal.jpeg"
"Forward","Quincy Miller","40255 followers ","index.cfm?AthleteID=19369","http://pbs.twimg.com/profile_images/548651118192885760/mTRK4hwM_normal.jpeg"
"Guard","Randy Foye","89470 followers ","index.cfm?AthleteID=349","http://pbs.twimg.com/profile_images/2726578346/14381e3cfa374116b5fdfe6b80df4424_normal.png"
"Point Guard","Ty Lawson","285362 followers ","index.cfm?AthleteID=4099","http://pbs.twimg.com/profile_images/551349617263378433/0Uhf2ziG_normal.jpeg"
"Forward","Wilson Chandler","138269 followers ","index.cfm?AthleteID=8944","http://pbs.twimg.com/profile_images/423950496567541760/F-H-GdGn_normal.jpeg"
"Center","Andre Drummond","853192 followers ","index.cfm?AthleteID=18523","http://pbs.twimg.com/profile_images/556117037714780160/aWy_je2V_normal.jpeg"
"Point Guard","Brandon Jennings","100339 followers ","index.cfm?AthleteID=27427","http://pbs.twimg.com/profile_images/557035500868222978/m4nZ1OhZ_normal.jpeg"
"Forward","Charlie Villanueva","215008 followers ","index.cfm?AthleteID=163","http://pbs.twimg.com/profile_images/555885156506951680/MAxFhf6I_normal.jpeg"
"Center","Greg Monroe","27192 followers ","index.cfm?AthleteID=24469","http://pbs.twimg.com/profile_images/477124984498700288/oO5gAOz__normal.jpeg"
"Forward","Jonas Jerebko","23920 followers ","index.cfm?AthleteID=11764","http://pbs.twimg.com/profile_images/515960545938505728/HUaLC7I8_normal.jpeg"
"Center","Josh Harrellson","66506 followers ","index.cfm?AthleteID=15571","http://pbs.twimg.com/profile_images/487358513920741376/CEarEbLk_normal.jpeg"
"Forward","Kyle Singler","53584 followers ","index.cfm?AthleteID=14188","http://pbs.twimg.com/profile_images/519880145960587265/oaCGEz5o_normal.png"
"Forward","Andrés Nocioni","167701 followers ","index.cfm?AthleteID=5443","http://pbs.twimg.com/profile_images/378800000767018577/b93493bb07d650aae67c6894bb6c5692_normal.jpeg"
"Guard","Ben Hansbrough","11225 followers ","index.cfm?AthleteID=23647","http://pbs.twimg.com/profile_images/2773843637/14f4d4e69f7cadec04dbcc708557db1e_normal.jpeg"
"Point Guard","Bobby Brown","28587 followers ","index.cfm?AthleteID=3697","http://pbs.twimg.com/profile_images/557391901096030208/k3EZqKYU_normal.jpeg"
"Forward","Bostjan Nachbar","24916 followers ","index.cfm?AthleteID=1873","http://pbs.twimg.com/profile_images/523604236639424512/yEnhFrXX_normal.jpeg"
"Guard","Cory Higgins","4338 followers ","index.cfm?AthleteID=23581","http://pbs.twimg.com/profile_images/486632828856061952/r7gDN-4g_normal.jpeg"
"Forward","Craig Brackins","9138 followers ","index.cfm?AthleteID=9241","http://pbs.twimg.com/profile_images/3601207649/e077f81b8916175a236418607c289874_normal.jpeg"
"Power Forward","Craig Smith","27616 followers ","index.cfm?AthleteID=3358","http://pbs.twimg.com/profile_images/491723277203562496/zyuYbwBv_normal.jpeg"
"Power Forward","Drew Gordon","7991 followers ","index.cfm?AthleteID=18505","http://pbs.twimg.com/profile_images/540946197016743936/w3wwrZ6h_normal.jpeg"
"Center","Garret Siler","9278 followers ","index.cfm?AthleteID=12523","http://pbs.twimg.com/profile_images/1405508622/309592147_normal.jpg"
"Point Guard","Jacob Pullen","20772 followers ","index.cfm?AthleteID=22960","http://pbs.twimg.com/profile_images/537340189392531456/dUInl1eJ_normal.jpeg"
"Point Guard","Jeremy Pargo","13487 followers ","index.cfm?AthleteID=16606","http://pbs.twimg.com/profile_images/555154788480860160/0h9wnnVq_normal.jpeg"
"Point Guard","Jonny Flynn","77341 followers ","index.cfm?AthleteID=3082","http://pbs.twimg.com/profile_images/2223756430/572553_504591892_759351848_n_normal.jpg"
"Guard","Josh Selby","32974 followers ","index.cfm?AthleteID=13465","http://pbs.twimg.com/profile_images/555256782889566208/KATHyoNH_normal.jpeg"
"Forward","Julian Wright","12446 followers ","index.cfm?AthleteID=535","http://pbs.twimg.com/profile_images/481419279821074433/dexx1tNo_normal.jpeg"
"Shooting Guard","Kim English","45364 followers ","index.cfm?AthleteID=18547","http://pbs.twimg.com/profile_images/522944195624202240/1kwztVTM_normal.jpeg"
"Forward/Center","Magnum Rolle","1364 followers ","index.cfm?AthleteID=8533","http://pbs.twimg.com/profile_images/516729525317558272/YhmPWaE2_normal.jpeg"
"Shooting Guard","Manny Harris","23585 followers ","index.cfm?AthleteID=10273","http://pbs.twimg.com/profile_images/549761228747198465/1Zyoe8gS_normal.jpeg"
"Guard","Nolan Smith","82073 followers ","index.cfm?AthleteID=13564","http://pbs.twimg.com/profile_images/3533864829/f0a9e3ebe3882b18fe4d7beb5cfe1a45_normal.jpeg"
"Power Forward","Patrick Ewing Jr","31345 followers ","index.cfm?AthleteID=9358","http://pbs.twimg.com/profile_images/3736225646/4794f89ef823f1a0f108fb0fcac25252_normal.jpeg"
"Center","Patrick O'Bryant","10815 followers ","index.cfm?AthleteID=3448","http://pbs.twimg.com/profile_images/2003093037/O_BryantCeltics_normal.jpg"
"Point Guard","Pooh Jeter","10632 followers ","index.cfm?AthleteID=9364","http://pbs.twimg.com/profile_images/378800000276216535/5440b1f5a7e8c67183c44bb428c6d6bd_normal.jpeg"
"Guard","Sasha Vujacic","68736 followers ","index.cfm?AthleteID=616","http://pbs.twimg.com/profile_images/550951727206502401/aFb4xNjd_normal.jpeg"
"Power Forward","Sean May","38713 followers ","index.cfm?AthleteID=2446","http://pbs.twimg.com/profile_images/450118643452764160/4MP8yZg7_normal.jpeg"
"Power Forward/Center","Shelden Williams","42466 followers ","index.cfm?AthleteID=2008","http://pbs.twimg.com/profile_images/272631989/my_camera_pics_154__2__normal.JPG"
"Guard","Sonny Weems","21944 followers ","index.cfm?AthleteID=3709","http://pbs.twimg.com/profile_images/1480313092/image_normal.jpg"
"Point Guard","Stephon Marbury ","71897 followers ","index.cfm?AthleteID=280","http://pbs.twimg.com/profile_images/552399749983125504/TN4qzvDJ_normal.jpeg"
"Shooting Guard","Travis Leslie","12405 followers ","index.cfm?AthleteID=14830","http://pbs.twimg.com/profile_images/501102547235799040/l09hBtJG_normal.jpeg"
"Shooting Guard","Von Wafer","21793 followers ","index.cfm?AthleteID=5386","http://pbs.twimg.com/profile_images/467973930586624000/-ff6TaAl_normal.jpeg"
"Point Guard","Zabian Dowdell","2549 followers ","index.cfm?AthleteID=12520","http://pbs.twimg.com/profile_images/378800000325731362/a5487e676b1d6e23048649846869bba0_normal.jpeg"
"Shooting Guard","Andre Iguodala","618243 followers ","index.cfm?AthleteID=14836","http://pbs.twimg.com/profile_images/378800000792072703/220b2b6231650d80905787e39d50dd8d_normal.jpeg"
"Center","Andrew Bogut","92731 followers ","index.cfm?AthleteID=27421","http://pbs.twimg.com/profile_images/511313060229685248/A6x4psyN_normal.jpeg"
"Power Forward","David Lee","255270 followers ","index.cfm?AthleteID=15652","http://pbs.twimg.com/profile_images/549776510907715584/Gqxe_rXq_normal.jpeg"
"Forward","Draymond Green","108004 followers ","index.cfm?AthleteID=18508","http://pbs.twimg.com/profile_images/519801593147826176/Qw3cuPrH_normal.jpeg"
"Center","Festus Ezeli","32201 followers ","index.cfm?AthleteID=18511","http://pbs.twimg.com/profile_images/554739936054632448/5GFnMMea_normal.jpeg"
"Small Forward","Harrison Barnes","233749 followers ","index.cfm?AthleteID=18472","http://pbs.twimg.com/profile_images/525312585717932032/YHxFZ9Dq_normal.jpeg"
"Power Forward/Center","Jermaine O'Neal","125004 followers ","index.cfm?AthleteID=2617","http://pbs.twimg.com/profile_images/536299266033999872/iCYKPrLQ_normal.jpeg"
"Shooting Guard","Kent Bazemore","48501 followers ","index.cfm?AthleteID=23464","http://pbs.twimg.com/profile_images/502139217221537792/5d8YvfI9_normal.jpeg"
"Center","Mo Speights","44068 followers ","index.cfm?AthleteID=11278","http://pbs.twimg.com/profile_images/512069261183819776/z6WQKMCZ_normal.jpeg"
"Point Guard","Stephen Curry","1763738 followers ","index.cfm?AthleteID=2095","http://pbs.twimg.com/profile_images/469671167864082435/TqfjbFox_normal.png"
"Point Guard","Aaron Brooks","69324 followers ","index.cfm?AthleteID=1951","http://pbs.twimg.com/profile_images/491014622170730497/trEnOkK5_normal.jpeg"
"Forward","Chandler Parsons","266152 followers ","index.cfm?AthleteID=13462","http://pbs.twimg.com/profile_images/488573040234479616/IzK3Tczz_normal.jpeg"
"Center","Donatas Motiejunas","32400 followers ","index.cfm?AthleteID=24331","http://pbs.twimg.com/profile_images/478858008584527872/4O3C1qEV_normal.jpeg"
"Center","Dwight Howard","5641414 followers ","index.cfm?AthleteID=295","http://pbs.twimg.com/profile_images/513912813149224961/mhm5KT-d_normal.jpeg"
"Center","Gregory Smith","23813 followers ","index.cfm?AthleteID=16555","http://pbs.twimg.com/profile_images/530955567901450240/Em-pNn9__normal.jpeg"
"Shooting Guard","James Harden","2493050 followers ","index.cfm?AthleteID=2230","http://pbs.twimg.com/profile_images/3420583714/9659e32daaf61e95bb839ac9f844bba3_normal.jpeg"
"Guard","Jeremy Lin","1390737 followers ","index.cfm?AthleteID=8524","http://pbs.twimg.com/profile_images/1574394286/Screen_shot_2011-10-05_at_2.27.45_PM_normal.png"
"Center","Omer Asik","53954 followers ","index.cfm?AthleteID=22954","http://pbs.twimg.com/profile_images/2714485667/1347fcd35b0dbb170592d964ef013cd4_normal.jpeg"
"Small Forward","Omri Casspi","54881 followers ","index.cfm?AthleteID=9469","http://pbs.twimg.com/profile_images/529821103112216577/xs3BXH3k_normal.jpeg"
"Point Guard","Patrick Beverley","44331 followers ","index.cfm?AthleteID=8674","http://pbs.twimg.com/profile_images/488519956594978817/zQiZaaeu_normal.jpeg"
"Guard","Ronnie Brewer","100913 followers ","index.cfm?AthleteID=12088","http://pbs.twimg.com/profile_images/378800000363075654/abc0b9881da1218c69ae445c7c138895_normal.png"
"Forward","Terrence Jones","160234 followers ","index.cfm?AthleteID=18454","http://pbs.twimg.com/profile_images/2353476905/image_normal.jpg"
"Point Guard","CJ Watson","343691 followers ","index.cfm?AthleteID=3544","http://pbs.twimg.com/profile_images/2303298580/5x5kih3fyjklafwjmods_normal.jpeg"
"Guard/Forward","Danny Granger","344809 followers ","index.cfm?AthleteID=433","http://pbs.twimg.com/profile_images/445255296428937216/BPM8wLDm_normal.jpeg"
"Forward","David West","188654 followers ","index.cfm?AthleteID=9814","http://pbs.twimg.com/profile_images/539393837349998592/iZTU8Nka_normal.jpeg"
"Guard","Donald Sloan","9191 followers ","index.cfm?AthleteID=23692","http://pbs.twimg.com/profile_images/490153221944381440/ghIXEUKc_normal.jpeg"
"Guard","George Hill","165962 followers ","index.cfm?AthleteID=3865","http://pbs.twimg.com/profile_images/378800000546991820/ff64a3c1e3854eae7d9b22124262fcb7_normal.jpeg"
"Power Forward","Ian Mahinmi","33213 followers ","index.cfm?AthleteID=15649","http://pbs.twimg.com/profile_images/497066906830905345/mFZo8_ea_normal.jpeg"
"Guard","Lance Stephenson","148482 followers ","index.cfm?AthleteID=16426","http://pbs.twimg.com/profile_images/491828605052137472/lRgzrgXY_normal.jpeg"
"Forward","Luis Scola","369205 followers ","index.cfm?AthleteID=5392","http://pbs.twimg.com/profile_images/378800000217484736/cebdde963bdb6185baa38f1894c45af8_normal.jpeg"
"Shooting Guard","Orlando Johnson","15127 followers ","index.cfm?AthleteID=23650","http://pbs.twimg.com/profile_images/533550856495308800/zE2ltEQ8_normal.jpeg"
"Forward","Paul George","1013440 followers ","index.cfm?AthleteID=8113","http://pbs.twimg.com/profile_images/516944745550348290/PLvn7X2A_normal.jpeg"
"Center","Roy Hibbert","355819 followers ","index.cfm?AthleteID=9217","http://pbs.twimg.com/profile_images/502521025339604995/ZVONp99g_normal.jpeg"
"Forward","Blake Griffin","2861009 followers ","index.cfm?AthleteID=847","http://pbs.twimg.com/profile_images/378800000526399250/0024cc115a4b1175b50adacbb0b6d035_normal.jpeg"
"Center","Byron Mullens","3208 followers ","index.cfm?AthleteID=23698","http://pbs.twimg.com/profile_images/3080476265/da2566d45e1e0f0a4ba9c4c755a41523_normal.jpeg"
"Point Guard","Chris Paul","3801234 followers ","index.cfm?AthleteID=2221","http://pbs.twimg.com/profile_images/3706045151/c49c8119e86568806061da0256dad18e_normal.jpeg"
"Point Guard","Darren Collison","92098 followers ","index.cfm?AthleteID=10492","http://pbs.twimg.com/profile_images/525504324281978883/ZTn3boJ3_normal.jpeg"
"Center","DeAndre Jordan","554220 followers ","index.cfm?AthleteID=1942","http://pbs.twimg.com/profile_images/555704749102620676/F22AJbdf_normal.jpeg"
"Guard","Jamal Crawford","674238 followers ","index.cfm?AthleteID=15046","http://pbs.twimg.com/profile_images/558308733852209152/vcHfYJcy_normal.jpeg"
"Small Forward","Jared Dudley","191979 followers ","index.cfm?AthleteID=2308","http://pbs.twimg.com/profile_images/549258076122279937/8oujFX87_normal.jpeg"
"Shooting Guard","JJ Redick","137328 followers ","index.cfm?AthleteID=13390","http://pbs.twimg.com/profile_images/2171233954/JJRedick_normal.jpg"
"Point Guard","Maalik Wayns","21016 followers ","index.cfm?AthleteID=23755","http://pbs.twimg.com/profile_images/553248915836141568/IB1c0jVb_normal.jpeg"
"Guard/Forward","Matt Barnes","271306 followers ","index.cfm?AthleteID=5143","http://pbs.twimg.com/profile_images/495822736812290048/yX_yk8KZ_normal.jpeg"
"Center","Ryan Hollins","22187 followers ","index.cfm?AthleteID=16195","http://pbs.twimg.com/profile_images/526166131527020544/xIeaDe_w_normal.jpeg"
"Shooting Guard","Willie Green","13485 followers ","index.cfm?AthleteID=27487","http://pbs.twimg.com/profile_images/524032794369204224/1p4bWAI3_normal.jpeg"
"Center","Chris Kaman","102056 followers ","index.cfm?AthleteID=11104","http://pbs.twimg.com/profile_images/484931163514216448/ldRloyIA_normal.jpeg"
"Shooting Guard","Jodie Meeks","106908 followers ","index.cfm?AthleteID=15835","http://pbs.twimg.com/profile_images/529534871451222016/IJ5V35fl_normal.jpeg"
"Point Guard","Jordan Farmar","32520 followers ","index.cfm?AthleteID=27436","http://pbs.twimg.com/profile_images/378800000158199516/f0f81205fbaab0cbda92a950fc1653e5_normal.jpeg"
"Forward","Jordan Hill","111490 followers ","index.cfm?AthleteID=4642","http://pbs.twimg.com/profile_images/378800000712491248/4caa7a48813586f770aea522e94bfbe7_normal.jpeg"
"Shooting Guard","Kobe Bryant","6134259 followers ","index.cfm?AthleteID=24154","http://pbs.twimg.com/profile_images/448151605183909888/Homiv3Sr_normal.jpeg"
"Guard/Forward","Nick Young","128410 followers ","index.cfm?AthleteID=14839","http://pbs.twimg.com/profile_images/378800000174424884/3b381d5ff287d24d63f574e539df71bc_normal.jpeg"
"Forward","Pau Gasol","2959779 followers ","index.cfm?AthleteID=12325","http://pbs.twimg.com/profile_images/514745936073875458/f4jkQ_J-_normal.jpeg"
"Center","Robert Sacre","29867 followers ","index.cfm?AthleteID=27445","http://pbs.twimg.com/profile_images/378800000517366432/e4537e66bee7efaf4132ec0d06488697_normal.jpeg"
"Power Forward","Ryan Kelly","69227 followers ","index.cfm?AthleteID=27442","http://pbs.twimg.com/profile_images/495955828223266816/zEIGBXmw_normal.jpeg"
"Forward","Shawne Williams","3209 followers ","index.cfm?AthleteID=15151","http://pbs.twimg.com/profile_images/2992296641/451165b5f2b99d6aba7eacb255ecc33f_normal.jpeg"
"Point Guard","Steve Blake","167475 followers ","index.cfm?AthleteID=8272","http://pbs.twimg.com/profile_images/436350079583010817/xm2rCJPZ_normal.jpeg"
"Point Guard","Steve Nash","2217004 followers ","index.cfm?AthleteID=292","http://pbs.twimg.com/profile_images/1589711380/Steve_Park_final_normal.jpg"
"Forward","Wes Johnson","74143 followers ","index.cfm?AthleteID=27418","http://pbs.twimg.com/profile_images/378800000183020155/212edcd0a3182c012e836c366b2cafdb_normal.jpeg"
"Guard","Xavier Henry","80992 followers ","index.cfm?AthleteID=27415","http://pbs.twimg.com/profile_images/378800000835389328/d987286c7e2bd3dd6171b3cdec5b1389_normal.jpeg"
"Forward","Ed Davis","90495 followers ","index.cfm?AthleteID=6532","http://pbs.twimg.com/profile_images/532796447021072384/Jjuz6ZLU_normal.jpeg"
"Guard","Jerryd Bayless","8544 followers ","index.cfm?AthleteID=27451","http://pbs.twimg.com/profile_images/495020740249649152/Ar8O6N9w_normal.jpeg"
"Power Forward","Jon Leuer","21318 followers ","index.cfm?AthleteID=13696","http://pbs.twimg.com/profile_images/538943538793164800/FWzDgCE4_normal.jpeg"
"Center","Kosta Koufos","19712 followers ","index.cfm?AthleteID=12097","http://pbs.twimg.com/profile_images/473809596013113344/juwig1lN_normal.jpeg"
"Center","Marc Gasol","757489 followers ","index.cfm?AthleteID=14578","http://pbs.twimg.com/profile_images/488323210950479873/KpILTRn2_normal.jpeg"
"Point Guard","Mike Conley","150131 followers ","index.cfm?AthleteID=2845","http://pbs.twimg.com/profile_images/555617010264993792/3S2xPWoE_normal.jpeg"
"Guard","Mike Miller","369544 followers ","index.cfm?AthleteID=442","http://pbs.twimg.com/profile_images/2621668108/iao1ayx1iclo6s9iq19k_normal.jpeg"
"Guard/Forward","Quincy Pondexter","59416 followers ","index.cfm?AthleteID=6529","http://pbs.twimg.com/profile_images/555483787279499265/sCx85-y-_normal.jpeg"
"Swingman","Tony Allen","123624 followers ","index.cfm?AthleteID=12394","http://pbs.twimg.com/profile_images/378800000739978818/6d099c1ed9665abb5b12af914adfa884_normal.jpeg"
"Power Forward","Zach Randolph","103759 followers ","index.cfm?AthleteID=16633","http://pbs.twimg.com/profile_images/1753356082/zbo_normal.jpg"
"Forward","Chris Bosh","1982590 followers ","index.cfm?AthleteID=277","http://pbs.twimg.com/profile_images/1670436499/99839_me_normal.jpg"
"Guard","Dwyane Wade","4590348 followers ","index.cfm?AthleteID=1939","http://pbs.twimg.com/profile_images/2722827188/90ede922ff595304402c10221fb5f346_normal.jpeg"
"Forward","LeBron James","18138279 followers ","index.cfm?AthleteID=8158","http://pbs.twimg.com/profile_images/530354286090125312/8dTpG7cy_normal.jpeg"
"Point Guard","Mario Chalmers","949212 followers ","index.cfm?AthleteID=2620","http://pbs.twimg.com/profile_images/516384499895398400/1SWehzMl_normal.jpeg"
"Forward","Michael Beasley","55843 followers ","index.cfm?AthleteID=16612","http://pbs.twimg.com/profile_images/378800000593234043/2c16bb23a2e66935ffb6c99de851597d_normal.jpeg"
"Point Guard","Norris Cole","265209 followers ","index.cfm?AthleteID=26710","http://pbs.twimg.com/profile_images/485496917431156737/An5jL6oV_normal.jpeg"
"Shooting Guard","Ray Allen","168923 followers ","index.cfm?AthleteID=2770","http://abs.twimg.com/sticky/default_profile_images/default_profile_0_normal.png"
"Guard","Roger Mason Jr","70870 followers ","index.cfm?AthleteID=316","http://pbs.twimg.com/profile_images/534858153599713280/u1uFIzad_normal.jpeg"
"Small Forward","Shane Battier","439963 followers ","index.cfm?AthleteID=12235","http://pbs.twimg.com/profile_images/542137966756626433/F3dO8dXG_normal.jpeg"
"Power Forward","Udonis Haslem","254787 followers ","index.cfm?AthleteID=15094","http://pbs.twimg.com/profile_images/378800000098645027/158cd453eac2f932a09460cfd23de096_normal.jpeg"
"Point Guard","Brandon Knight","201533 followers ","index.cfm?AthleteID=13552","http://pbs.twimg.com/profile_images/550493412223635456/lqEFHthA_normal.jpeg"
"Small Forward","Carlos Delfino","131412 followers ","index.cfm?AthleteID=9121","http://pbs.twimg.com/profile_images/500081084953280512/75ASDmpH_normal.jpeg"
"Forward","Caron Butler","172333 followers ","index.cfm?AthleteID=7528","http://pbs.twimg.com/profile_images/546429181580832769/omTJYUR0_normal.jpeg"
"Forward","Ekpe Udoh","29862 followers ","index.cfm?AthleteID=7915","http://pbs.twimg.com/profile_images/507284251386335232/s-1CHvs4_normal.jpeg"
"Forward","John Henson ","97919 followers ","index.cfm?AthleteID=18451","http://pbs.twimg.com/profile_images/501380773573066753/KRdwhvOB_normal.jpeg"
"Forward","Khris Middleton","9198 followers ","index.cfm?AthleteID=18463","http://pbs.twimg.com/profile_images/557067564254511104/n4_NLJ53_normal.jpeg"
"Power Forward","Larry Sanders","26651 followers ","index.cfm?AthleteID=8008","http://pbs.twimg.com/profile_images/511253966207074304/_xMrP3GE_normal.jpeg"
"Shooting Guard","OJ Mayo","81589 followers ","index.cfm?AthleteID=15598","http://pbs.twimg.com/profile_images/1712439767/Juice_normal.jpeg"
"Center/Forward","Zaza Pachulia","43854 followers ","index.cfm?AthleteID=538","http://pbs.twimg.com/profile_images/2205787546/zaza27_normal.jpg"
"Small Forward","Chase Budinger","57629 followers ","index.cfm?AthleteID=14842","http://pbs.twimg.com/profile_images/421328621865672705/zxGmoTrB_normal.jpeg"
"Small Forward","Corey Brewer","60266 followers ","index.cfm?AthleteID=7684","http://pbs.twimg.com/profile_images/2610885126/image_normal.jpg"
"Power Forward","Dante' Cunningham","16664 followers ","index.cfm?AthleteID=10852","http://pbs.twimg.com/profile_images/543153561517846528/Vz9slMZm_normal.jpeg"
"Forward","Derrick Williams","156197 followers ","index.cfm?AthleteID=13456","http://pbs.twimg.com/profile_images/378800000857761452/2pXpwrxN_normal.jpeg"
"Point Guard","José Juan Barea","265772 followers ","index.cfm?AthleteID=8695","http://pbs.twimg.com/profile_images/527671139326115840/7d6_mN18_normal.jpeg"
"Power Forward","Kevin Love","1340188 followers ","index.cfm?AthleteID=10864","http://pbs.twimg.com/profile_images/1709366033/image_normal.jpg"
"Point Guard","Ricky Rubio","1637855 followers ","index.cfm?AthleteID=1435","http://pbs.twimg.com/profile_images/517013622133116928/UsQ8Wq02_normal.jpeg"
"Forward","Ronny Turiaf","78749 followers ","index.cfm?AthleteID=6685","http://pbs.twimg.com/profile_images/474083291239550977/gA1dpeMw_normal.jpeg"
"Former Head Coach (4 teams)","Alvin Gentry","69364 followers ","index.cfm?AthleteID=229","http://pbs.twimg.com/profile_images/1297723551/Screen_shot_2011-04-02_at_6.10.07_PM_normal.png"
"Guard (Spurs) & Former Coach (5 teams)","George Karl","81130 followers ","index.cfm?AthleteID=18184","http://pbs.twimg.com/profile_images/548194622887825408/YYrbNsKv_normal.jpeg"
"Point Guard (Mavs, Suns, Nets, Knicks)","Jason Kidd","438167 followers ","index.cfm?AthleteID=9295","http://pbs.twimg.com/profile_images/484798453550432256/Q24g0MpN_normal.jpeg"
"Golden State Warriors Head Coach","Mark Jackson","192200 followers ","index.cfm?AthleteID=13867","http://pbs.twimg.com/profile_images/378800000278017821/c371b811f4b653ac9a6a6ab8736a2ae9_normal.jpeg"
"Former Grizzlies, Cavs, Hawks Coach","Mike Fratello","70728 followers ","index.cfm?AthleteID=4402","http://pbs.twimg.com/profile_images/532825108/MFratello_headshot_2007_cropped_2_normal.jpg"
"Forward","Al Thornton","57166 followers ","index.cfm?AthleteID=8824","http://pbs.twimg.com/profile_images/445960790940467200/Yu5ojvYI_normal.jpeg"
"Shooting Guard","Andy Rautins","19545 followers ","index.cfm?AthleteID=9370","http://pbs.twimg.com/profile_images/2929563985/950c53609ed8ffd16b86f7bb246e1c61_normal.jpeg"
"Point Guard","Armon Johnson","6389 followers ","index.cfm?AthleteID=12922","http://pbs.twimg.com/profile_images/516003822993301504/Pu6aQO3x_normal.jpeg"
"Point Guard","Baron Davis","1007142 followers ","index.cfm?AthleteID=256","http://pbs.twimg.com/profile_images/89398546/081027-obama-davis-bcol-4p.standard_normal.jpg"
"Forward","Brian Cardinal","36372 followers ","index.cfm?AthleteID=238","http://pbs.twimg.com/profile_images/479427349776060417/cvlUJUA1_normal.jpeg"
"Forward","Brian Scalabrine","79213 followers ","index.cfm?AthleteID=24235","http://pbs.twimg.com/profile_images/558347866054217728/_wqBGtjI_normal.jpeg"
"Point Guard","Chris Duhon","42329 followers ","index.cfm?AthleteID=8800","http://pbs.twimg.com/profile_images/3087871932/2b98971769d27230ddd929a649d37f8b_normal.jpeg"
"Forward","Chris Taft","3741 followers ","index.cfm?AthleteID=487","http://pbs.twimg.com/profile_images/520191701168959488/8VfaGm01_normal.jpeg"
"Forward","Chris Wilcox","24219 followers ","index.cfm?AthleteID=26236","http://pbs.twimg.com/profile_images/3696152231/9d078f03890dcf1e61438703c2611e7a_normal.jpeg"
"Shooting Guard","Christian Eyenga","85821 followers ","index.cfm?AthleteID=9187","http://pbs.twimg.com/profile_images/531504977462960128/eQSn4GeB_normal.jpeg"
"Shooting Guard/Forward","Corey Maggette","321785 followers ","index.cfm?AthleteID=8830","http://pbs.twimg.com/profile_images/531109184109281282/7emQEygH_normal.jpeg"
"Forward","Da'Sean Butler","25025 followers ","index.cfm?AthleteID=6550","http://pbs.twimg.com/profile_images/511941067961159680/wn4Sf3yi_normal.jpeg"
"Shooting Guard","Daequan  Cook","62471 followers ","index.cfm?AthleteID=7762","http://pbs.twimg.com/profile_images/378800000330273384/066a79bb20e44b4df0508daeccb8d3b8_normal.jpeg"
"Shooting Guard","Dahntay Jones","27449 followers ","index.cfm?AthleteID=8575","http://pbs.twimg.com/profile_images/452248687209885696/WxFXLw_V_normal.jpeg"
"Forward","DaJuan Summers","21711 followers ","index.cfm?AthleteID=2296","http://pbs.twimg.com/profile_images/378800000356848935/74c05436a01670b6a05aa26af9dd864c_normal.jpeg"
"Small Forward","Damien Wilkins","21352 followers ","index.cfm?AthleteID=13450","http://pbs.twimg.com/profile_images/534580611819003906/K4di1yJv_normal.jpeg"
"Small Forward","Damion James","8653 followers ","index.cfm?AthleteID=18583","http://pbs.twimg.com/profile_images/2670258129/30b93868dbfa75b7c8f851f79a53c816_normal.jpeg"
"Point Guard","Damon Jones","5085 followers ","index.cfm?AthleteID=8992","http://pbs.twimg.com/profile_images/1342277064/Stars4_normal.jpg"
"Center","Dan Gadzuric","8531 followers ","index.cfm?AthleteID=13726","http://pbs.twimg.com/profile_images/2993388439/0694a50f74908ada2d170609c0ab3da0_normal.jpeg"
"Point Guard","Daniel Gibson","199796 followers ","index.cfm?AthleteID=8998","http://pbs.twimg.com/profile_images/446167555883798529/ls2iddeK_normal.jpeg"
"Forward","Darington Hobson","4880 followers ","index.cfm?AthleteID=8863","http://pbs.twimg.com/profile_images/510621797730254848/jFFXUaef_normal.jpeg"
"Shooting Guard","Dave Lighty","22654 followers ","index.cfm?AthleteID=13609","http://pbs.twimg.com/profile_images/442114445373095938/YCbPD7rK_normal.jpeg"
"Shooting Guard","Delonte West","228367 followers ","index.cfm?AthleteID=15154","http://a0.twimg.com/profile_images/2177255924/images-1_normal.jpeg"
"Guard/Forward","Dequan Jones","7192 followers ","index.cfm?AthleteID=23602","http://pbs.twimg.com/profile_images/557506751516663809/IeFnlUQa_normal.jpeg"
"Small Forward","Derrick Brown","19376 followers ","index.cfm?AthleteID=8302","http://pbs.twimg.com/profile_images/3463719181/82d8658d06ad2464fa4e1c54e260f4d3_normal.jpeg"
"Forward","Derrick Caracter","58922 followers ","index.cfm?AthleteID=9559","http://pbs.twimg.com/profile_images/378800000647515097/3d3f162d1ce149aefef8945a1168455b_normal.jpeg"
"Center","Desagana Diop","7678 followers ","index.cfm?AthleteID=15547","http://pbs.twimg.com/profile_images/506825163472896000/w8ui_EyX_normal.jpeg"
"Forward","Deshawn Sims","5813 followers ","index.cfm?AthleteID=8005","http://pbs.twimg.com/profile_images/501828830466551808/58S7r7SN_normal.jpeg"
"Guard/Forward","Devin Ebanks","52115 followers ","index.cfm?AthleteID=8806","http://pbs.twimg.com/profile_images/532184575695683584/p6BjCJ-h_normal.jpeg"
"Guard","Diante Garrett","8643 followers ","index.cfm?AthleteID=23701","http://pbs.twimg.com/profile_images/557218247800389633/DkaATIrr_normal.jpeg"
"Forward","DJ White","21828 followers ","index.cfm?AthleteID=12277","http://pbs.twimg.com/profile_images/3323320634/5cd9962555f323b917fddc9999781e2e_normal.jpeg"
"Guard","Dominique Jones","9177 followers ","index.cfm?AthleteID=15646","http://pbs.twimg.com/profile_images/378800000478615422/df617ed4162cb754b26aea2a87a3dd46_normal.jpeg"
"Forward/Center","Drew Gooden","67118 followers ","index.cfm?AthleteID=2035","http://pbs.twimg.com/profile_images/2964895469/88e47a2eac5e817d6d0cfea1a07fee59_normal.jpeg"
"Guard","Drew Goudelock","34600 followers ","index.cfm?AthleteID=13681","http://pbs.twimg.com/profile_images/378800000227416455/63e584948270db05642c8abd17e0bb3a_normal.jpeg"
"Center","Earl Barron","5218 followers ","index.cfm?AthleteID=7405","http://pbs.twimg.com/profile_images/420575781317005312/OqwRkd2Z_normal.jpeg"
"Center","Eddy Curry","11572 followers ","index.cfm?AthleteID=16198","http://pbs.twimg.com/profile_images/2468339712/image_normal.jpg"
"Guard","Elliot Williams","22895 followers ","index.cfm?AthleteID=7057","http://pbs.twimg.com/profile_images/378800000519926164/bc44813edbaa76e8c4a63f5e7a0b20e3_normal.jpeg"
"Center","Fab Melo","36778 followers ","index.cfm?AthleteID=18502","http://pbs.twimg.com/profile_images/378800000348041595/78cbfaf43b4d794b45f45e03bd95a92b_normal.jpeg"
"Small Forward","Gary Forbes","21176 followers ","index.cfm?AthleteID=10942","http://pbs.twimg.com/profile_images/542978690888785920/7aC_HxWe_normal.jpeg"
"Forward","Hakim Warrick","46193 followers ","index.cfm?AthleteID=7861","http://pbs.twimg.com/profile_images/2854273419/13e30c6be9041d0781b400b87fc03e86_normal.jpeg"
"Center","Hamady Ndiaye","4608 followers ","index.cfm?AthleteID=8083","http://pbs.twimg.com/profile_images/509785048262778880/BZTNkieE_normal.jpeg"
"Center","Hamed Haddadi","111526 followers ","index.cfm?AthleteID=3898","http://pbs.twimg.com/profile_images/378800000104316221/cea0adf6ca59e87c95fb6c3375e22bdb_normal.jpeg"
"Center","Hassan Whiteside","42145 followers ","index.cfm?AthleteID=7948","http://pbs.twimg.com/profile_images/3192720894/77d8fff3d6ef9590c314e6c506ab2249_normal.jpeg"
"Shooting Guard","J.R. Giddens","10089 followers ","index.cfm?AthleteID=5665","http://pbs.twimg.com/profile_images/502545052569452544/kIplY5nK_normal.jpeg"
"Shooting Guard","Jack McClinton III","12608 followers ","index.cfm?AthleteID=2143","http://pbs.twimg.com/profile_images/378800000163853291/4b556c149a3de036c8935c47d004294a_normal.jpeg"
"Power Forward","JaJuan Johnson","30658 followers ","index.cfm?AthleteID=13459","http://pbs.twimg.com/profile_images/499044832069681152/zO4GvpVA_normal.jpeg"
"Center","Jason Collins","109418 followers ","index.cfm?AthleteID=24199","http://pbs.twimg.com/profile_images/447557908411060224/HHiSjUBc_normal.jpeg"
"Forward","Jeff Adrien","37288 followers ","index.cfm?AthleteID=1015","http://pbs.twimg.com/profile_images/538792194086539264/gTP_PHkL_normal.jpeg"
"Power Forward","Jeremy Tyler","11977 followers ","index.cfm?AthleteID=13711","http://pbs.twimg.com/profile_images/378800000688696373/76d3a87ff5804aef87d221980a6fec0a_normal.jpeg"
"Shooting Guard","Jermaine Taylor","11143 followers ","index.cfm?AthleteID=5998","http://pbs.twimg.com/profile_images/558015566280003587/-5jRhOTH_normal.jpeg"
"Center","Jerome Jordan","7424 followers ","index.cfm?AthleteID=15769","http://pbs.twimg.com/profile_images/378800000600080899/aed0818dc41f2398034d873ce514ecac_normal.jpeg"
"Small Forward","Jerry Stackhouse","27273 followers ","index.cfm?AthleteID=16831","http://pbs.twimg.com/profile_images/543914777928822784/O2xvO2JY_normal.jpeg"
"Forward","Joe Alexander","3427 followers ","index.cfm?AthleteID=394","http://pbs.twimg.com/profile_images/68766868/Joe-Alexander-Poster_normal.jpg"
"Guard","Joe Crawford","19025 followers ","index.cfm?AthleteID=811","http://pbs.twimg.com/profile_images/433056428387872769/3qGyHfS__normal.jpeg"
"Power Forward","Joe Smith","19742 followers ","index.cfm?AthleteID=10681","http://pbs.twimg.com/profile_images/2483690021/4rQA1J35_normal"
"Power Forward","Jon Brockman","297069 followers ","index.cfm?AthleteID=2161","http://pbs.twimg.com/profile_images/3634731778/d04d69ba05787bdc4f5c9de0385e2904_normal.jpeg"
"Guard","Jon Scheyer","39813 followers ","index.cfm?AthleteID=9283","http://pbs.twimg.com/profile_images/378800000750554765/8e2cc8900f04b8d460da200291fd5711_normal.jpeg"
"Power Forward","Jordan Williams","18634 followers ","index.cfm?AthleteID=13612","http://pbs.twimg.com/profile_images/499238221403131905/EcJU9dHh_normal.jpeg"
"Small Forward","Josh Childress","64465 followers ","index.cfm?AthleteID=8305","http://pbs.twimg.com/profile_images/3542581204/c5458e57d6101854c9d4b9c5d668cf0a_normal.jpeg"
"Forward","Josh Powell","24514 followers ","index.cfm?AthleteID=11011","http://pbs.twimg.com/profile_images/378800000413893948/2d127322c4bc5f9c222a54737bdcdbc8_normal.png"
"Power Forward","Justin Harper ","6425 followers ","index.cfm?AthleteID=13606","http://pbs.twimg.com/profile_images/529588499784417280/PHlGZkx1_normal.jpeg"
"Shooting Guard","Justin Holiday","6824 followers ","index.cfm?AthleteID=24799","http://pbs.twimg.com/profile_images/529802431161319424/H_hj5XbR_normal.jpeg"
"Shooting Guard/Small Forward","Kelenna Azubuike","21807 followers ","index.cfm?AthleteID=4366","http://pbs.twimg.com/profile_images/490277224822489089/tLoGGFhp_normal.png"
"Point Guard","Kendall Marshall","217859 followers ","index.cfm?AthleteID=18517","http://pbs.twimg.com/profile_images/537644242999324672/ugcggqcd_normal.jpeg"
"Forward","Kris Joseph","26069 followers ","index.cfm?AthleteID=24808","http://pbs.twimg.com/profile_images/530350633774514177/ioXE9y1g_normal.jpeg"
"Guard","Kyle Weaver","11553 followers ","index.cfm?AthleteID=3703","http://pbs.twimg.com/profile_images/1371999783/tn_normal.jpeg"
"Forward","Lamar Odom","4262348 followers ","index.cfm?AthleteID=208","http://pbs.twimg.com/profile_images/475146873645182976/2fffbLM0_normal.jpeg"
"Guard","Leandro Barbosa","81043 followers ","index.cfm?AthleteID=11467","http://pbs.twimg.com/profile_images/430344754279088128/FtEmquFL_normal.png"
"Power Forward","Leon Powe","18135 followers ","index.cfm?AthleteID=9124","http://pbs.twimg.com/profile_images/1098911644/leonpoweespys_normal.jpg"
"Guard","Lester Hudson","12645 followers ","index.cfm?AthleteID=9952","http://pbs.twimg.com/profile_images/2985211598/74c9768174497dc31f7638c8fedd50e3_normal.jpeg"
"Forward/Center","Lou Amundson","6855 followers ","index.cfm?AthleteID=17128","http://pbs.twimg.com/profile_images/2068015866/image_normal.jpg"
"Power Forward","Luke Zeller","4505 followers ","index.cfm?AthleteID=23758","http://pbs.twimg.com/profile_images/378800000657893117/2a22e7dcaf2a9222a00d2d3b95cd61d4_normal.jpeg"
"Center","Marcus Camby","108686 followers ","index.cfm?AthleteID=9427","http://pbs.twimg.com/profile_images/1230618161/PhotoEditor1295818488779_normal.jpg"
"Guard/Forward","Marquis Daniels","58059 followers ","index.cfm?AthleteID=6316","http://pbs.twimg.com/profile_images/516276407149010944/uAxeH6-a_normal.jpeg"
"Shooting Guard","Matt Carroll","11129 followers ","index.cfm?AthleteID=13741","http://pbs.twimg.com/profile_images/503527873823928320/IZKHvFUP_normal.jpeg"
"Guard","Matt Janning","7161 followers ","index.cfm?AthleteID=9931","http://pbs.twimg.com/profile_images/3671516629/7c322b0dc3f6a11793809b68da8c81ee_normal.jpeg"
"Shooting Guard","Maurice Ager","99042 followers ","index.cfm?AthleteID=9280","http://pbs.twimg.com/profile_images/551636032496893952/vK-RxiEt_normal.jpeg"
"Guard/Forward (Mavs, 3 others)","Michael Finley","27544 followers ","index.cfm?AthleteID=430","http://pbs.twimg.com/profile_images/538734500507688961/PJDE-G5G_normal.jpeg"
"Small Forward","Mickael Pietrus","22247 followers ","index.cfm?AthleteID=10870","http://pbs.twimg.com/profile_images/2527054028/C5CCAB65-8727-4530-AE50-AE8348A3B770_normal"
"Center","Mickell Gladness","6146 followers ","index.cfm?AthleteID=18592","http://pbs.twimg.com/profile_images/3729767438/6f7abfae61fe4d75ce3383f4780612b9_normal.jpeg"
"Small Forward","Morris Peterson ","235733 followers ","index.cfm?AthleteID=2461","http://pbs.twimg.com/profile_images/515527768302682112/6ha7EykB_normal.jpeg"
"Center","Primoz Brezec","7050 followers ","index.cfm?AthleteID=9214","http://pbs.twimg.com/profile_images/1108412774/primoz_20brezec_normal.jpg"
"Forward/Guard","Quentin Richardson","415004 followers ","index.cfm?AthleteID=496","http://pbs.twimg.com/profile_images/464452474368450560/DByscCCG_normal.jpeg"
"Forward","Rasual Butler","74245 followers ","index.cfm?AthleteID=193","http://pbs.twimg.com/profile_images/542849879488225280/WVX076sB_normal.jpeg"
"Shooting Guard","Reggie Williams","22941 followers ","index.cfm?AthleteID=6292","http://pbs.twimg.com/profile_images/378800000408424947/a753a93a5b1e392666bf2d4cdb422410_normal.jpeg"
"Forward","Renaldo Balkman","38764 followers ","index.cfm?AthleteID=5926","http://pbs.twimg.com/profile_images/473934049266790401/BpGw1j_M_normal.jpeg"
"Swingman","Richard Hamilton","72012 followers ","index.cfm?AthleteID=12043","http://pbs.twimg.com/profile_images/1905397179/image_normal.jpg"
"Small Forward","Robbie Hummel","30093 followers ","index.cfm?AthleteID=19243","http://pbs.twimg.com/profile_images/378800000835217603/6625b846bf8d5f135ae1e1fd2ab6d7a6_normal.jpeg"
"Guard","Royal Ivey","22353 followers ","index.cfm?AthleteID=2332","http://pbs.twimg.com/profile_images/525663274206265344/_ygjW1zb_normal.jpeg"
"Forward","Royce White","494669 followers ","index.cfm?AthleteID=18946","http://pbs.twimg.com/profile_images/501693073827835904/IboX4b0H_normal.jpeg"
"Guard","Rudy Fernandez","971058 followers ","index.cfm?AthleteID=532","http://pbs.twimg.com/profile_images/539506087431778304/tSPPhpqv_normal.jpeg"
"Guard","Ryan Thompson","3469 followers ","index.cfm?AthleteID=9670","http://pbs.twimg.com/profile_images/530328386997329920/yhSO98vc_normal.jpeg"
"Forward","Sam Young","33499 followers ","index.cfm?AthleteID=3646","http://pbs.twimg.com/profile_images/2579773968/image_normal.jpg"
"Point Guard","Sean Singletary","20178 followers ","index.cfm?AthleteID=3718","http://pbs.twimg.com/profile_images/552151503004123136/5QNMfEor_normal.jpeg"
"Point Guard","Sebastian Telfair","68098 followers ","index.cfm?AthleteID=17476","http://pbs.twimg.com/profile_images/484899716195700736/FsjLCyCo_normal.jpeg"
"Guard","Shannon Brown","233441 followers ","index.cfm?AthleteID=8548","http://pbs.twimg.com/profile_images/378800000368185886/26feccf17f4c217c33e53bc5f1ad07d2_normal.jpeg"
"Point Guard ","Sherron Collins ","24488 followers ","index.cfm?AthleteID=6580","http://pbs.twimg.com/profile_images/378800000538860711/47aeb14193b981646e477d436a0966e3_normal.jpeg"
"Forward","Stephen Jackson","36733 followers ","index.cfm?AthleteID=15583","http://pbs.twimg.com/profile_images/475539436713672705/fQ2NZdox_normal.jpeg"
"Forward","Taylor Griffin","15220 followers ","index.cfm?AthleteID=3301","http://pbs.twimg.com/profile_images/532767637197975553/khTR-8Lq_normal.jpeg"
"Forward","Terrence Williams","177544 followers ","index.cfm?AthleteID=1510","http://pbs.twimg.com/profile_images/507574423159705600/9Bl3pijz_normal.jpeg"
"Forward","Tiny Gallon","3786 followers ","index.cfm?AthleteID=7930","http://pbs.twimg.com/profile_images/427655838552305666/ouZ1WrXh_normal.jpeg"
"Power Forward","Trey Thompkins","9579 followers ","index.cfm?AthleteID=13486","http://pbs.twimg.com/profile_images/498257344900235264/ijzvuYIM_normal.jpeg"
"Small Forward","Tyler Honeycutt","8307 followers ","index.cfm?AthleteID=16192","http://pbs.twimg.com/profile_images/488960051517091840/ErD1IW8e_normal.jpeg"
"Point Guard","Will Conroy","8902 followers ","index.cfm?AthleteID=23719","http://pbs.twimg.com/profile_images/552722729682472960/Vv3gMXzM_normal.jpeg"
"Small Forward","Will Walker","4109 followers ","index.cfm?AthleteID=9802","http://pbs.twimg.com/profile_images/2483849070/IMG-20120808-00156.jpg_normal.rem"
"Cavs Owner","Dan Gilbert","157545 followers ","index.cfm?AthleteID=8326","http://pbs.twimg.com/profile_images/517174877036351488/Mqo7bxSL_normal.png"
"Jazz Owner","Greg Miller","14660 followers ","index.cfm?AthleteID=9424","http://pbs.twimg.com/profile_images/378800000018852494/9ab6953a85978b8232b89c4eb99a0375_normal.jpeg"
"Mavs Owner","Mark Cuban","2660951 followers ","index.cfm?AthleteID=172","http://pbs.twimg.com/profile_images/1422637130/mccigartrophy_normal.jpg"
"Blazers Owner","Paul Allen","86460 followers ","index.cfm?AthleteID=9418","http://pbs.twimg.com/profile_images/2353318622/qr9pr21sv4wqafenorqd_normal.png"
"Forward","Al-Farouq Aminu","62213 followers ","index.cfm?AthleteID=8053","http://pbs.twimg.com/profile_images/550550160049074176/CXxvYyG0_normal.jpeg"
"Forward","Anthony Davis","604471 followers ","index.cfm?AthleteID=18484","http://pbs.twimg.com/profile_images/3565400529/b8019b2c0f2a785f91bd18cfbadf4b10_normal.jpeg"
"Shooting Guard","Anthony Morrow","129011 followers ","index.cfm?AthleteID=3640","http://pbs.twimg.com/profile_images/487830202936852480/ioj3QX5r_normal.jpeg"
"Center","Arinze Onuaku","4341 followers ","index.cfm?AthleteID=7168","http://pbs.twimg.com/profile_images/1110602252/1_normal.jpg"
"Shooting Guard","Austin Rivers","273925 followers ","index.cfm?AthleteID=18481","http://pbs.twimg.com/profile_images/524220726409445376/jNDDWo3X_normal.jpeg"
"Small Forward","Darius Miller","119911 followers ","index.cfm?AthleteID=18487","http://pbs.twimg.com/profile_images/553297928564273152/JDwtWp-X_normal.jpeg"
"Shooting Guard","Eric Gordon","154643 followers ","index.cfm?AthleteID=13201","http://pbs.twimg.com/profile_images/554354132870393856/aR7mrcPL_normal.jpeg"
"Center","Greg Stiemsma","13191 followers ","index.cfm?AthleteID=20998","http://pbs.twimg.com/profile_images/534198568765386752/UorQvsRk_normal.jpeg"
"Center","Jason Smith","8600 followers ","index.cfm?AthleteID=27457","http://pbs.twimg.com/profile_images/489259450956791809/nPZnxj3N_normal.jpeg"
"Point Guard","Jrue Holiday","116160 followers ","index.cfm?AthleteID=14272","http://pbs.twimg.com/profile_images/378800000089684682/92a6833bcde08384ca63e5d7ccd7972a_normal.jpeg"
"Forward","Lance Thomas","13372 followers ","index.cfm?AthleteID=23434","http://pbs.twimg.com/profile_images/3066214347/3a0453cc66a3889e3e1dfd395f92acee_normal.jpeg"
"Power Forward","Ryan Anderson","50684 followers ","index.cfm?AthleteID=13396","http://pbs.twimg.com/profile_images/524561005071060992/lcnT7ZmP_normal.jpeg"
"Point Guard","Tyreke Evans","155703 followers ","index.cfm?AthleteID=15760","http://pbs.twimg.com/profile_images/378800000546513918/687e5394f6152e3a4518c829415d65cc_normal.jpeg"
"Power Forward","Amar'e Stoudemire","1048076 followers ","index.cfm?AthleteID=1678","http://pbs.twimg.com/profile_images/529356097682145281/p9cJ4Uo4_normal.jpeg"
"Forward","Andrea Bargnani","272623 followers ","index.cfm?AthleteID=8398","http://pbs.twimg.com/profile_images/378800000155364589/e17ca706a842f27cc14b507f14814951_normal.jpeg"
"Forward","Carmelo Anthony","6022192 followers ","index.cfm?AthleteID=3400","http://pbs.twimg.com/profile_images/482353084727705600/fHpCALIP_normal.jpeg"
"Center","Cole Aldrich","52086 followers ","index.cfm?AthleteID=7084","http://pbs.twimg.com/profile_images/378800000168615258/855a8ba2cfa918fbbc7de64d45860301_normal.jpeg"
"Guard","Iman Shumpert","285473 followers ","index.cfm?AthleteID=13615","http://pbs.twimg.com/profile_images/2814716093/0a675e876eed4a3d740d1672ed7da1e7_normal.jpeg"
"Shooting Guard","JR Smith","511676 followers ","index.cfm?AthleteID=16603","http://pbs.twimg.com/profile_images/378800000695151209/28c5b386e59d34f7464d57a95e9ab436_normal.jpeg"
"Power Forward","Kenyon Martin","16751 followers ","index.cfm?AthleteID=17752","http://pbs.twimg.com/profile_images/1831055690/IMG-20110722-00013_normal.jpg"
"Forward","Metta World Peace","752213 followers ","index.cfm?AthleteID=4117","http://pbs.twimg.com/profile_images/555783326837919745/BVbLVBC9_normal.jpeg"
"Point Guard","Pablo Prigioni","87253 followers ","index.cfm?AthleteID=23767","http://pbs.twimg.com/profile_images/549780714170757121/v5JNeYc6_normal.jpeg"
"Point Guard","Raymond Felton","89350 followers ","index.cfm?AthleteID=23764","http://pbs.twimg.com/profile_images/539502203623309312/k8O8_X23_normal.jpeg"
"Center","Tyson Chandler","738808 followers ","index.cfm?AthleteID=241","http://pbs.twimg.com/profile_images/1714409551/image_normal.jpg"
"Point Guard","Derek Fisher","1017551 followers ","index.cfm?AthleteID=289","http://pbs.twimg.com/profile_images/2817480072/6e71ed7f5aa4039086db9a66265ef376_normal.jpeg"
"Center","Hasheem Thabeet","180710 followers ","index.cfm?AthleteID=1018","http://pbs.twimg.com/profile_images/550462558139064320/vMZwVGvL_normal.jpeg"
"Shooting Guard","Jeremy Lamb","56425 followers ","index.cfm?AthleteID=18460","http://pbs.twimg.com/profile_images/3704877553/8a352f3449ae4be52e13cab424491481_normal.jpeg"
"Center","Kendrick Perkins","81462 followers ","index.cfm?AthleteID=24058","http://pbs.twimg.com/profile_images/378800000630835955/f81e8750998d9d7161b040b91ab53cb6_normal.jpeg"
"Forward","Kevin Durant","9047968 followers ","index.cfm?AthleteID=775","http://pbs.twimg.com/profile_images/378800000238865748/81f2180b7df0ad9987a3c5c1f605cf71_normal.jpeg"
"Power Forward","Nick Collison","147666 followers ","index.cfm?AthleteID=1522","http://pbs.twimg.com/profile_images/533821311/CollisonRedFro_normal.jpg"
"Forward","Perry Jones III","55609 followers ","index.cfm?AthleteID=18457","http://pbs.twimg.com/profile_images/556237205715169280/GQTYHy3H_normal.jpeg"
"Point Guard","Reggie Jackson","61750 followers ","index.cfm?AthleteID=14269","http://pbs.twimg.com/profile_images/3683293910/15fba041295e44f10389602059ffe819_normal.jpeg"
"Point Guard","Russell Westbrook","2178022 followers ","index.cfm?AthleteID=1525","http://pbs.twimg.com/profile_images/484106933738024963/_ZdOKqi7_normal.jpeg"
"Forward","Ryan Gomes","30461 followers ","index.cfm?AthleteID=2350","http://pbs.twimg.com/profile_images/3181270071/54df50b4e1bac44b973ecb60744b060f_normal.jpeg"
"Forward","Serge Ibaka","641622 followers ","index.cfm?AthleteID=8131","http://pbs.twimg.com/profile_images/555516570080772098/Skl5lcpb_normal.jpeg"
"Shooting Guard","Thabo Sefolosha","133799 followers ","index.cfm?AthleteID=1234","http://pbs.twimg.com/profile_images/526113554261614594/drlrkuOl_normal.jpeg"
"Forward","Andrew Nicholson","16976 followers ","index.cfm?AthleteID=18580","http://pbs.twimg.com/profile_images/378800000102127290/3bb174819ff792fb30fd3de093f2ad14_normal.jpeg"
"Shooting Guard","Arron Afflalo","95160 followers ","index.cfm?AthleteID=12430","http://pbs.twimg.com/profile_images/456528105260064768/DsOMuKIp_normal.jpeg"
"Shooting Guard","Doron Lamb","111454 followers ","index.cfm?AthleteID=23716","http://pbs.twimg.com/profile_images/3269642669/b284845061f84297565e380196a6b615_normal.jpeg"
"Guard","E'Twaun Moore","25845 followers ","index.cfm?AthleteID=16423","http://pbs.twimg.com/profile_images/512649997481807872/xZLcvjY5_normal.jpeg"
"Power Forward","Glen Davis","91598 followers ","index.cfm?AthleteID=7402","http://pbs.twimg.com/profile_images/439974580182982656/jIf9qFtK_normal.jpeg"
"Forward","Hidayet Türkoglu","483731 followers ","index.cfm?AthleteID=22705","http://pbs.twimg.com/profile_images/554435480922902529/nBw0p1se_normal.jpeg"
"Point Guard","Jameer Nelson","112293 followers ","index.cfm?AthleteID=8413","http://pbs.twimg.com/profile_images/3359003042/22ac5921396f1bf5f9aee99165bd3943_normal.jpeg"
"Power Forward","Jason Maxiell","6456 followers ","index.cfm?AthleteID=9313","http://pbs.twimg.com/profile_images/1120590584/kGVNU_normal.jpg"
"Power Forward","Kyle O'Quinn","8819 followers ","index.cfm?AthleteID=25156","http://pbs.twimg.com/profile_images/378800000227880515/5331fd537e2a84658974c63c7d7c928c_normal.jpeg"
"Small Forward","Maurice Harkless","25596 followers ","index.cfm?AthleteID=18544","http://pbs.twimg.com/profile_images/378800000237425589/5c1e6a901d34af33c33f72d5a3126618_normal.jpeg"
"Forward","Tobias Harris","49829 followers ","index.cfm?AthleteID=13567","http://pbs.twimg.com/profile_images/427452742605758466/wR5SVrhm_normal.jpeg"
"Power Forward","Arnett Moultrie","32610 followers ","index.cfm?AthleteID=18490","http://pbs.twimg.com/profile_images/556424125938663424/hKL5UiUl_normal.jpeg"
"Center","Daniel Orton","27272 followers ","index.cfm?AthleteID=8002","http://pbs.twimg.com/profile_images/318715238/Dunk_on_Bishop_Kelley_normal.jpg"
"Point Guard","Darius Morris","64724 followers ","index.cfm?AthleteID=13558","http://pbs.twimg.com/profile_images/378800000624736252/20fa2142366a5415bcdaf7cabbafc3d8_normal.jpeg"
"Point Guard","Evan Turner","162654 followers ","index.cfm?AthleteID=6463","http://pbs.twimg.com/profile_images/2536823640/image_normal.jpg"
"Shooting Guard","James Anderson","10582 followers ","index.cfm?AthleteID=18586","http://pbs.twimg.com/profile_images/518164737499353088/BFBNZsBL_normal.jpeg"
"Guard/Forward","Jason Richardson","233128 followers ","index.cfm?AthleteID=310","http://pbs.twimg.com/profile_images/3502251114/3155495afcd436590ce2974623ed39cb_normal.jpeg"
"Power Forward","Lavoy Allen","17522 followers ","index.cfm?AthleteID=16594","http://pbs.twimg.com/profile_images/521106370264068097/Wk-M3tXZ_normal.jpeg"
"Center","Spencer Hawes","51922 followers ","index.cfm?AthleteID=11458","http://pbs.twimg.com/profile_images/552682920897282048/mXdpDaBo_normal.jpeg"
"Small Forward","Thad Young","48471 followers ","index.cfm?AthleteID=2248","http://pbs.twimg.com/profile_images/446306186003218432/ih0XUVA2_normal.jpeg"
"Guard","Tony Wroten","41416 followers ","index.cfm?AthleteID=18535","http://pbs.twimg.com/profile_images/558038382102970368/ZhjSYJZq_normal.jpeg"
"Center","Channing Frye","41972 followers ","index.cfm?AthleteID=12328","http://pbs.twimg.com/profile_images/458315503627288576/N5rIXUqo_normal.jpeg"
"Center","Emeka Okafor","25285 followers ","index.cfm?AthleteID=16432","http://pbs.twimg.com/profile_images/2353622819/skgg5t9rvsn0ey4kt5my_normal.jpeg"
"Guard","Eric Bledsoe","136635 followers ","index.cfm?AthleteID=7903","http://pbs.twimg.com/profile_images/1751623431/EBled24_normal.jpg"
"Guard","Goran Dragic","87938 followers ","index.cfm?AthleteID=15160","http://pbs.twimg.com/profile_images/378800000119935245/44906843a88965b77fb821cbee199a3b_normal.jpeg"
"Point Guard","Ishmael Smith","7428 followers ","index.cfm?AthleteID=27478","http://pbs.twimg.com/profile_images/378800000480269572/8a503fdbc93eb6e3cc8a7f8e0ab00f8f_normal.jpeg"
"Power Forward","Keef Morris ","49840 followers ","index.cfm?AthleteID=13702","http://pbs.twimg.com/profile_images/378800000541059302/af8d795b0c01915c4c36dead523c8ddb_normal.jpeg"
"Forward","Marcus Morris","57664 followers ","index.cfm?AthleteID=13477","http://pbs.twimg.com/profile_images/476429693206278145/TxtWK4hy_normal.jpeg"
"Center","Miles Plumlee","30622 followers ","index.cfm?AthleteID=23653","http://pbs.twimg.com/profile_images/378800000663541692/3c137ccfc4e1571bfe62a4dd0b57d2d3_normal.jpeg"
"Forward","PJ Tucker","14035 followers ","index.cfm?AthleteID=22603","http://pbs.twimg.com/profile_images/378800000842035328/1f907ed610a1d87e353b831c8de62700_normal.jpeg"
"Point Guard","Damian Lillard","648049 followers ","index.cfm?AthleteID=18715","http://pbs.twimg.com/profile_images/555528882850242561/WSdsmg-t_normal.jpeg"
"Small Forward","Dorell Wright","132398 followers ","index.cfm?AthleteID=9064","http://pbs.twimg.com/profile_images/518863271844405248/SBwU68sO_normal.jpeg"
"Point Guard","Earl Watson","20618 followers ","index.cfm?AthleteID=16585","http://pbs.twimg.com/profile_images/553661051372179456/K9v9hU2Z_normal.jpeg"
"Power Forward","Lamarcus Aldridge ","401426 followers ","index.cfm?AthleteID=11488","http://pbs.twimg.com/profile_images/536565049629106176/3gS7e8JX_normal.jpeg"
"Center","Meyers Leonard","48163 followers ","index.cfm?AthleteID=18532","http://pbs.twimg.com/profile_images/476529771954704384/qcd83w8o_normal.jpeg"
"Point Guard","Mo Williams","182325 followers ","index.cfm?AthleteID=2257","http://pbs.twimg.com/profile_images/496025530287017985/AmUHEyL7_normal.jpeg"
"Small Forward","Nicolas Batum","376228 followers ","index.cfm?AthleteID=10846","http://pbs.twimg.com/profile_images/518341719805681665/OHyfFmYb_normal.jpeg"
"Center","Robin Lopez","86138 followers ","index.cfm?AthleteID=2056","http://pbs.twimg.com/profile_images/3540604503/00895e2787cbbf3c62d3a7ef48ac6a9b_normal.jpeg"
"Power Forward","Thomas Robinson","121230 followers ","index.cfm?AthleteID=18496","http://pbs.twimg.com/profile_images/460228701037150208/3skeaBy4_normal.jpeg"
"Forward","Victor Claver","88786 followers ","index.cfm?AthleteID=19003","http://pbs.twimg.com/profile_images/527703711762481152/aULaWIZh_normal.jpeg"
"Shooting Guard","Wesley Matthews ","172281 followers ","index.cfm?AthleteID=11650","http://pbs.twimg.com/profile_images/412442107303849984/R8PGiTbD_normal.jpeg"
"Shooting Guard","Will Barton","30699 followers ","index.cfm?AthleteID=18514","http://pbs.twimg.com/profile_images/538237789007925249/4laccurI_normal.jpeg"
"Power Forward (Lakers, Suns, Mavs, Heat)","A.C. Green","18716 followers ","index.cfm?AthleteID=15763","http://pbs.twimg.com/profile_images/1590023312/ACatCLIPPERS_normal.jpg"
"Center (Warriors, Magic)","Adonal Foyle","11503 followers ","index.cfm?AthleteID=1240","http://pbs.twimg.com/profile_images/1817446975/adonal4_sm_normal.jpg"
"Guard","Allan Houston","64042 followers ","index.cfm?AthleteID=613","http://pbs.twimg.com/profile_images/3645636301/97c68a8b2cc3e52c1e3d999d6c6476de_normal.jpeg"
"Point Guard (76ers, 3 others)","Allen Iverson","830197 followers ","index.cfm?AthleteID=1882","http://pbs.twimg.com/profile_images/378800000666445464/2a97af68700a3b5f11bc77eedff56b29_normal.jpeg"
"Guard (Spurs, Bullets)","Andrew Gaze","35099 followers ","index.cfm?AthleteID=8263","http://pbs.twimg.com/profile_images/1381353900/Oscar_and_me_normal.jpg"
"Guard (Raptors, Cavs, 4 others)","Anthony Parker","25589 followers ","index.cfm?AthleteID=9127","http://pbs.twimg.com/profile_images/378800000251962192/eefc41c2eb0578ae3e11740ceb4e11b4_normal.jpeg"
"Forward (Celtics, 4 others)","Antoine Walker","21778 followers ","index.cfm?AthleteID=23812","http://pbs.twimg.com/profile_images/1605042842/walker_w1_1024x768_normal.jpg"
"Forward (Pacers, 4 others)","Austin Croshere","9798 followers ","index.cfm?AthleteID=15601","http://pbs.twimg.com/profile_images/541800338592788480/r6WDpCEm_normal.jpeg"
"Center (Celtics, Clippers, Blazers)","Bill Walton","29010 followers ","index.cfm?AthleteID=12952","http://pbs.twimg.com/profile_images/1750686764/Slam_dunk_normal.jpg"
"Center (Bulls, Kings, Mavs)","Bill Wennington","23917 followers ","index.cfm?AthleteID=10963","http://pbs.twimg.com/profile_images/3050467293/d4ee4981db3f50cf47c42b7d4cea4df4_normal.jpeg"
"Point Guard (Kings, 5 others)","Bobby Jackson","21317 followers ","index.cfm?AthleteID=9592","http://pbs.twimg.com/profile_images/521148214075228160/fB9CaDJ7_normal.jpeg"
"Power Forward (6 Teams)","Brian Grant","5281 followers ","index.cfm?AthleteID=1432","http://pbs.twimg.com/profile_images/3540010788/74b932db12548076e3352720f195daaa_normal.jpeg"
"Forward (Spurs, Heat, Celtics)","Bruce Bowen","117893 followers ","index.cfm?AthleteID=250","http://pbs.twimg.com/profile_images/528059178649411584/LyBn5NTa_normal.jpeg"
"Shooting Guard (Jazz)","Bryon Russell","22627 followers ","index.cfm?AthleteID=3214","http://pbs.twimg.com/profile_images/632712478/russell13_normal.jpg"
"Forward (Suns, Lakers, 3 others)","Cedric Ceballos","17493 followers ","index.cfm?AthleteID=247","http://pbs.twimg.com/profile_images/536321015920332800/nd5tsQDc_normal.jpeg"
"Forward (Bulls, Kincks, 3 others)","Charles Oakley","50704 followers ","index.cfm?AthleteID=7090","http://pbs.twimg.com/profile_images/1744318115/C.Oak_in_Miami__0310_cropped_normal.JPG"
"Forward","Chris Webber","571789 followers ","index.cfm?AthleteID=472","http://pbs.twimg.com/profile_images/2511717991/smvagasus4ecb9uwbw77_normal.jpeg"
"Forward (Twolves, Hawks, 4 others)","Christian Laettner","18951 followers ","index.cfm?AthleteID=22708","http://pbs.twimg.com/profile_images/2300319466/fuc847xb0k9h906ib0k7_normal.jpeg"
"Forward (12 Teams)","Chucky Brown","3716 followers ","index.cfm?AthleteID=9547","http://pbs.twimg.com/profile_images/1037149031/ChuckyBrown52_normal.jpg"
"Forward (Blazers, 4 others)","Clifford Robinson","7295 followers ","index.cfm?AthleteID=24103","http://pbs.twimg.com/profile_images/526945901592711168/TkJeIkEV_normal.jpeg"
"Shooting Guard (Rockets, Kings, Clippers)","Cuttino Mobley","6214 followers ","index.cfm?AthleteID=9118","http://pbs.twimg.com/profile_images/1924298895/image_normal.jpg"
"Small Forward (Suns, Heat, Cavs)","Dan Majerle","9622 followers ","index.cfm?AthleteID=8434","http://pbs.twimg.com/profile_images/977240660/Majerle_Mugshot_normal.jpg"
"Center (Spurs)","David Robinson","143660 followers ","index.cfm?AthleteID=14827","http://pbs.twimg.com/profile_images/378800000673686845/4abef128a3e6a455581ea846776a1e05_normal.jpeg"
"Forward (Pistons, Spurs, Bulls, +2 more)","Dennis Rodman","236980 followers ","index.cfm?AthleteID=1609","http://pbs.twimg.com/profile_images/1496730583/dennisrodman_normal.jpg"
"Small Forward","Dennis Scott","25963 followers ","index.cfm?AthleteID=1543","http://pbs.twimg.com/profile_images/532708885854187522/3Vuq5bQN_normal.jpeg"
"Guard (Cavs, Clippers)","Derek L. Anderson ","115185 followers ","index.cfm?AthleteID=23752","http://pbs.twimg.com/profile_images/551617265888919552/mRG0GiFM_normal.jpeg"
"Forward (Sonics, Pacers, Blazers, Mavs)","Detlef Schrempf","12187 followers ","index.cfm?AthleteID=1816","http://pbs.twimg.com/profile_images/1614128025/DSF_Logo2_normal.jpg"
"Center (Nuggets, 5 others)","Dikembe Mutombo","22241 followers ","index.cfm?AthleteID=27637","http://pbs.twimg.com/profile_images/468112269897768961/3y80IQmT_normal.jpeg"
"Forward (Hawks, Celtics)","Dominique Wilkins","6619 followers ","index.cfm?AthleteID=3430","http://pbs.twimg.com/profile_images/422459611/Dominique_Wilkins_closeup_headshot_suit_normal.jpg"
"Forward (Warriors, 7 others)","Donyell Marshall","10951 followers ","index.cfm?AthleteID=3124","http://pbs.twimg.com/profile_images/378800000733230453/ae9492444cf31f51dd0a7ae420524cb1_normal.jpeg"
"Point Guard (Lakers)","Earvin Magic Johnson","2453117 followers ","index.cfm?AthleteID=11536","http://pbs.twimg.com/profile_images/2285149580/1sf5l3214h2pfbz7d5bs_normal.jpeg"
"Small Forward (6 teams)","Eddie A Johnson","8877 followers ","index.cfm?AthleteID=2041","http://pbs.twimg.com/profile_images/459038555222732800/NfLF5NQk_normal.jpeg"
"Forward (Spurs, 6 others)","Fabricio Oberto","514730 followers ","index.cfm?AthleteID=259","http://pbs.twimg.com/profile_images/1141438498/1_normal.jpg"
"Point Guard (Suns, Rockets, Bullets)","Frank Johnson","536 followers ","index.cfm?AthleteID=2068","http://pbs.twimg.com/profile_images/3429803522/f8fc5d795f3117120ba5dccb71fc2d05_normal.jpeg"
"Point Guard (Sonics, 4 others)","Gary Payton","130047 followers ","index.cfm?AthleteID=14278","http://pbs.twimg.com/profile_images/378800000131938291/04dbae077805649de094c0cdbc6fc085_normal.jpeg"
"Forward (Pistons, Magic, 2 others)","Grant Hill","304851 followers ","index.cfm?AthleteID=9112","http://pbs.twimg.com/profile_images/445560264159531008/c5S-nyAf_normal.png"
"Point Guard (Knicks, Blazers, 4 others)","Greg Anthony","192873 followers ","index.cfm?AthleteID=5260","http://pbs.twimg.com/profile_images/532672403986714624/ey2VsqbF_normal.jpeg"
"Point Guard (Pistons)","Isiah Thomas","123785 followers ","index.cfm?AthleteID=22963","http://pbs.twimg.com/profile_images/554071159999070208/jQ_ctY89_normal.jpeg"
"Guard (Nuggets, Pacers, 4 others)","Jalen Rose","1472665 followers ","index.cfm?AthleteID=202","http://pbs.twimg.com/profile_images/461959616725671936/kXZDnf-u_normal.jpeg"
"Forward","Jamal Mashburn","71316 followers ","index.cfm?AthleteID=802","http://pbs.twimg.com/profile_images/1199882890/Jamal-Mashburn_normal.jpg"
"Forward (Lakers)","James Worthy","68460 followers ","index.cfm?AthleteID=23404","http://pbs.twimg.com/profile_images/2623145554/ln0kgn154mgz6aoka28s_normal.jpeg"
"Shooting Guard (Mavs, 12 others)","Jim Jackson","9881 followers ","index.cfm?AthleteID=6235","http://pbs.twimg.com/profile_images/552622359581294594/qYg0tLsS_normal.jpeg"
"Center/Forward","John Amaechi","27115 followers ","index.cfm?AthleteID=1378","http://pbs.twimg.com/profile_images/378800000853855101/e601ea47d41f659ae9ea6a9c35366e03_normal.jpeg"
"Forward (Pistons + 4 others)","John Salley","41767 followers ","index.cfm?AthleteID=1507","http://pbs.twimg.com/profile_images/216520342/J_Salley_normal.jpg"
"Forward (76ers, Nets)","Julius Dr J Erving","34387 followers ","index.cfm?AthleteID=25834","http://pbs.twimg.com/profile_images/378800000449801835/ffbb73b143cd2329d8a25cd490c8a501_normal.jpeg"
"Center","Kareem Abdul-Jabbar","1670205 followers ","index.cfm?AthleteID=913","http://pbs.twimg.com/profile_images/197003984/KAJdodger_normal.jpg"
"Forward (Jazz, Lakers)","Karl Malone","43270 followers ","index.cfm?AthleteID=24100","http://pbs.twimg.com/profile_images/1858352053/image_normal.jpg"
"Point Guard (8 Teams)","Kenny Anderson","9649 followers ","index.cfm?AthleteID=1981","http://pbs.twimg.com/profile_images/553644059919532032/Vtl_EmmZ_normal.jpeg"
"Guard","Kenny Smith","853859 followers ","index.cfm?AthleteID=469","http://pbs.twimg.com/profile_images/127860963/kenny_smith_tw_normal.jpg"
"Point Guard (Suns, Cavs)","Kevin Johnson","66916 followers ","index.cfm?AthleteID=2173","http://pbs.twimg.com/profile_images/2738528034/46322d8279f3528461c4fe2b3fb39d46_normal.jpeg"
"Forward (Heat, 7 others)","Malik Allen","6579 followers ","index.cfm?AthleteID=25576","http://pbs.twimg.com/profile_images/2763705685/827081a3adda96a8e57687cda855966d_normal.jpeg"
"Forward (Lakers, Timberwolves)","Mark Madsen","24500 followers ","index.cfm?AthleteID=955","http://pbs.twimg.com/profile_images/90236800/photo23_normal.jpg"
"Guard (Pistons, Kings, Cavs, Sonics)","Mateen Cleaves","33203 followers ","index.cfm?AthleteID=11461","http://pbs.twimg.com/profile_images/511020150749790208/T32X-2PW_normal.jpeg"
"Forward (Rockets, Hawks, Hornets)","Matt Bullard","11368 followers ","index.cfm?AthleteID=15739","http://pbs.twimg.com/profile_images/1735111996/image_normal.jpg"
"Forward (Magic, Cavs, 76ers, Jazz)","Matt Harpring","13254 followers ","index.cfm?AthleteID=15268","http://pbs.twimg.com/profile_images/1622364570/IMG_0715_normal.JPG"
"Center (Jazz, Pistons, 5 others)","Mehmet Okur","148165 followers ","index.cfm?AthleteID=18595","http://pbs.twimg.com/profile_images/556816261309419520/e0rdu_SW_normal.jpeg"
"Guard (Lakers)","Michael Cooper","12401 followers ","index.cfm?AthleteID=15247","http://pbs.twimg.com/profile_images/1634001250/michael-cooper_normal.jpg"
"Guard (Warriors, Kings, Wizards, Lakers)","Mitch Richmond","15203 followers ","index.cfm?AthleteID=11047","http://pbs.twimg.com/profile_images/2222588557/5SOzTPf7_normal"
"Point Guard (Hornets, Bullets, Raptorsm, Warriors)","Muggsy Bogues","19202 followers ","index.cfm?AthleteID=10150","http://pbs.twimg.com/profile_images/1159630999/pic_gallery_1_small_normal.jpg"
"Power Forward (Hawks, Bulls, Suns)","Paul Shirley","11286 followers ","index.cfm?AthleteID=4696","http://pbs.twimg.com/profile_images/467605154011697152/XrnaMabs_normal.jpeg"
"Shooting Guard (Pacers)","Reggie Miller","629286 followers ","index.cfm?AthleteID=9544","http://pbs.twimg.com/profile_images/3336677293/4282e7607066e3f19649eee5e7e7f506_normal.jpeg"
"Shooting Guard (Hornets, Bullets, Suns, Heat)","Rex Chapman","45528 followers ","index.cfm?AthleteID=23008","http://pbs.twimg.com/profile_images/456309433924997121/0swByojU_normal.jpeg"
"Forward","Rick Fox","211770 followers ","index.cfm?AthleteID=778","http://pbs.twimg.com/profile_images/1211716044/rick-fox_normal.jpg"
"Forward (Rockets, Suns, Lakers, Spurs)","Robert Horry","26530 followers ","index.cfm?AthleteID=14833","http://pbs.twimg.com/profile_images/2875570897/afc306d37b9437a12d091408409c3e46_normal.jpeg"
"Forward (Rockets, 3 others)","Ryan Bowen","2032 followers ","index.cfm?AthleteID=3439","http://pbs.twimg.com/profile_images/378800000382736842/f02bf83368c2ad6ef7f83c4021ac2340_normal.jpeg"
"Center (Bulls, Suns, 5 others)","Scott Williams","3187 followers ","index.cfm?AthleteID=15595","http://pbs.twimg.com/profile_images/547348457305178112/2GhGFy_5_normal.jpeg"
"Forward (Bulls, Blazers)","Scottie Pippen","394458 followers ","index.cfm?AthleteID=8782","http://pbs.twimg.com/profile_images/472644273771270144/DKyCaxQF_normal.jpeg"
"Center (Magic, Lakers, Heat, 3 others)","Shaquille O'Neil","9283141 followers ","index.cfm?AthleteID=199","http://pbs.twimg.com/profile_images/1673907275/image_normal.jpg"
"Point Guard (Hawks, 4 others)","Speedy Claxton","23487 followers ","index.cfm?AthleteID=181","http://pbs.twimg.com/profile_images/3353555769/83ec03a1cde761f3ff1d1cf199469a4f_normal.jpeg"
"Guard (Bulls, Spurs, 4 others)","Steve Kerr","159150 followers ","index.cfm?AthleteID=23728","http://pbs.twimg.com/profile_images/481958004409909248/sFaAaMGa_normal.jpeg"
"Guard","Steve Smith","232004 followers ","index.cfm?AthleteID=478","http://pbs.twimg.com/profile_images/525253367711690752/1AbdGaXg_normal.jpeg"
"Point Guard (Bucks, Pacers, Spurs)","TJ Ford","89674 followers ","index.cfm?AthleteID=1312","http://pbs.twimg.com/profile_images/506863337498345472/buBKvcXS_normal.jpeg"
"Shooting Guard (Magic, Rockets, 5 others)","Tracy McGrady","138763 followers ","index.cfm?AthleteID=15898","http://pbs.twimg.com/profile_images/378800000835351056/4d1b47fff7339bcbdddbcfa74d475f6b_normal.jpeg"
"Forward (Wizards, 5 others)","Tracy Murray","8594 followers ","index.cfm?AthleteID=25579","http://pbs.twimg.com/profile_images/499299125951619072/whcjZll-_normal.jpeg"
"Forward (Twolves, 3 others)","Wally Szczerbiak","35430 followers ","index.cfm?AthleteID=18229","http://pbs.twimg.com/profile_images/435235756677033984/B49519OD_normal.jpeg"
"Point Guard (Knicks, Cavs)","Walt Clyde Frazier","48802 followers ","index.cfm?AthleteID=16213","http://pbs.twimg.com/profile_images/1768556189/CLyde_normal.jpg"
"Center (Rockets)","Yao Ming","182174 followers ","index.cfm?AthleteID=3823","http://pbs.twimg.com/profile_images/1350974567/xxx_normal.jpg"
"Forward","Carl Landry","80012 followers ","index.cfm?AthleteID=7723","http://pbs.twimg.com/profile_images/378800000097242074/cbe6e4f812d44ab7e9135525f82c493c_normal.jpeg"
"Forward","Chuck Hayes","25629 followers ","index.cfm?AthleteID=18598","http://pbs.twimg.com/profile_images/3167594960/f03895d5a47b577704565c55aa65fa68_normal.jpeg"
"Center","DeMarcus Cousins ","391448 followers ","index.cfm?AthleteID=6460","http://pbs.twimg.com/profile_images/542593761516081153/IWeD5SCj_normal.jpeg"
"Point Guard","Greivis Vasquez","512401 followers ","index.cfm?AthleteID=7900","http://pbs.twimg.com/profile_images/557428994917036033/0KRSSQOr_normal.jpeg"
"Point Guard","Isaiah Thomas","195055 followers ","index.cfm?AthleteID=13666","http://pbs.twimg.com/profile_images/546548886723366912/yo3GwFjr_normal.jpeg"
"Forward/Center","Jason Thompson","68593 followers ","index.cfm?AthleteID=205","http://pbs.twimg.com/profile_images/554572090943082497/NggSBHhr_normal.jpeg"
"Guard","Jimmer Fredette","145497 followers ","index.cfm?AthleteID=13528","http://pbs.twimg.com/profile_images/512753566151213058/gdQnskqb_normal.jpeg"
"Forward","Luc Mbah a Moute","49198 followers ","index.cfm?AthleteID=4540","http://pbs.twimg.com/profile_images/483389430070145024/ZLw_123v_normal.jpeg"
"Shooting Guard","Marcus Thornton","39931 followers ","index.cfm?AthleteID=11995","http://pbs.twimg.com/profile_images/477175116556558336/CeHVCpVe_normal.jpeg"
"Power Forward","Patrick Patterson","130456 followers ","index.cfm?AthleteID=7906","http://pbs.twimg.com/profile_images/547812621068828673/Qen68S7b_normal.jpeg"
"Forward","Boris Diaw","210201 followers ","index.cfm?AthleteID=9799","http://pbs.twimg.com/profile_images/1850908332/image_normal.jpg"
"Point Guard","Cory Joseph","47982 followers ","index.cfm?AthleteID=16609","http://pbs.twimg.com/profile_images/522677773790240771/gvtEnvHj_normal.jpeg"
"Shooting Guard","Danny Green","244528 followers ","index.cfm?AthleteID=12361","http://pbs.twimg.com/profile_images/528838683802501120/nuIxw5kb_normal.jpeg"
"Shooting Guard","Manu Ginobili","2781719 followers ","index.cfm?AthleteID=2998","http://pbs.twimg.com/profile_images/919752875/3281_85574346933_71769686933_2527120_1371640_n_normal.jpg"
"Shooting Guard","Marco Belinelli","309280 followers ","index.cfm?AthleteID=5056","http://pbs.twimg.com/profile_images/557078471625547776/sR4_nhQq_normal.jpeg"
"Guard","Nando De Colo","42417 followers ","index.cfm?AthleteID=25837","http://pbs.twimg.com/profile_images/519418764904103936/tpSfg7mS_normal.jpeg"
"Point Guard","Patrick Mills","172046 followers ","index.cfm?AthleteID=2089","http://pbs.twimg.com/profile_images/2956172733/57e1f73b3151fbd90f76b87ccd740bd9_normal.jpeg"
"Center","Tiago Splitter","168354 followers ","index.cfm?AthleteID=8329","http://pbs.twimg.com/profile_images/478712248156704768/cOjbGqIL_normal.jpeg"
"Point Guard","Tony Parker","1428976 followers ","index.cfm?AthleteID=3451","http://pbs.twimg.com/profile_images/2280229359/gvz7884x98aamrhhiej1_normal.jpeg"
"Center","Aaron Gray","3419 followers ","index.cfm?AthleteID=27412","http://pbs.twimg.com/profile_images/378800000449878783/84008a00efb75b21cf2cba03d4714761_normal.jpeg"
"Forward","Amir Johnson","133226 followers ","index.cfm?AthleteID=6469","http://pbs.twimg.com/profile_images/2932105990/2ab2bf311a5100bffb7c1e904410d5d5_normal.jpeg"
"Forward","Austin Daye","74087 followers ","index.cfm?AthleteID=2809","http://pbs.twimg.com/profile_images/541840471165644801/X_WxBwBy_normal.jpeg"
"Guard","DeMar DeRozan","366046 followers ","index.cfm?AthleteID=2047","http://pbs.twimg.com/profile_images/378800000042135983/efae1e2d0839115c92d3230e09880462_normal.png"
"Point Guard","Kyle Lowry","177923 followers ","index.cfm?AthleteID=3433","http://pbs.twimg.com/profile_images/466425533430239232/1nh-UU_G_normal.jpeg"
"Shooting Guard","Landry Fields","159054 followers ","index.cfm?AthleteID=7927","http://pbs.twimg.com/profile_images/522942338185064449/x-BdXXj7_normal.jpeg"
"Power Forward","Quincy Acy","31918 followers ","index.cfm?AthleteID=18478","http://pbs.twimg.com/profile_images/521151702909849600/PZGiePXZ_normal.jpeg"
"Small Forward","Rudy Gay","1101898 followers ","index.cfm?AthleteID=1711","http://pbs.twimg.com/profile_images/500394811690844162/gWXalbIT_normal.jpeg"
"Forward","Steve Novak","134892 followers ","index.cfm?AthleteID=9979","http://pbs.twimg.com/profile_images/487482684231671808/jRwiLm23_normal.jpeg"
"Shooting Guard","Terrence Ross","134320 followers ","index.cfm?AthleteID=18529","http://pbs.twimg.com/profile_images/497447803216736257/5CmDLNFz_normal.jpeg"
"Forward","Tyler Hansbrough","85677 followers ","index.cfm?AthleteID=3262","http://pbs.twimg.com/profile_images/365406799/TylerPacer1_normal.jpg"
"Guard","Alec Burks","32819 followers ","index.cfm?AthleteID=13669","http://pbs.twimg.com/profile_images/443559725813092352/pWjEB5hH_normal.jpeg"
"Shooting Guard","Brandon Rush","47371 followers ","index.cfm?AthleteID=8545","http://pbs.twimg.com/profile_images/522555073176813568/AQTuqFbn_normal.jpeg"
"Power Forward","Derrick Favors","77911 followers ","index.cfm?AthleteID=15580","http://pbs.twimg.com/profile_images/515574784445280258/ALxyetyM_normal.jpeg"
"Center","Enes Kanter","90145 followers ","index.cfm?AthleteID=13729","http://pbs.twimg.com/profile_images/427876234098249728/xWwcE4Jj_normal.jpeg"
"Small Forward","Gordon Hayward","95575 followers ","index.cfm?AthleteID=8554","http://pbs.twimg.com/profile_images/546764391375704064/N3x1qAXV_normal.jpeg"
"Point Guard","Jamaal Tinsley","12683 followers ","index.cfm?AthleteID=16429","http://pbs.twimg.com/profile_images/378800000094936132/bf7595523eb9adf087964938bf4a018d_normal.jpeg"
"Small Forward","Jeremy Evans","23381 followers ","index.cfm?AthleteID=16582","http://pbs.twimg.com/profile_images/1843887678/JeremyEvansFace_normal.jpg"
"Point Guard","John Lucas III","46321 followers ","index.cfm?AthleteID=12250","http://pbs.twimg.com/profile_images/477843751541276673/EJi-chvM_normal.jpeg"
"Forward","Al Harrington","26321 followers ","index.cfm?AthleteID=16435","http://pbs.twimg.com/profile_images/477785483133857793/ACEWf_ZG_normal.jpeg"
"Shooting Guard","Bradley Beal","183241 followers ","index.cfm?AthleteID=18466","http://pbs.twimg.com/profile_images/518928112604954624/wGg6-8-J_normal.jpeg"
"Forward","Chris Singleton","12326 followers ","index.cfm?AthleteID=13600","http://pbs.twimg.com/profile_images/378800000658866037/d17b932d3cbffdd015aaa8377c8ea519_normal.jpeg"
"Point Guard","Eric Maynor","103938 followers ","index.cfm?AthleteID=2398","http://pbs.twimg.com/profile_images/544180765517709313/nkfsu1Be_normal.jpeg"
"Guard","Garrett Temple","14581 followers ","index.cfm?AthleteID=9664","http://pbs.twimg.com/profile_images/527509789992308736/ehh2170x_normal.jpeg"
"Forward","Jan Vesely","24003 followers ","index.cfm?AthleteID=24196","http://pbs.twimg.com/profile_images/2492750401/i86arr8ync7t40qgmtc2_normal.jpeg"
"Point Guard","John Wall","1306004 followers ","index.cfm?AthleteID=6457","http://pbs.twimg.com/profile_images/526793754414284802/jRt1NMCN_normal.jpeg"
"Power Forward","Kevin Seraphin","85194 followers ","index.cfm?AthleteID=16924","http://pbs.twimg.com/profile_images/553851672221728768/u0jCcQct_normal.jpeg"
"Center","Marcin Gortat","74241 followers ","index.cfm?AthleteID=4528","http://pbs.twimg.com/profile_images/378800000399823281/6acc6a9cda341a76c68de36c6e940df5_normal.jpeg"
"Shooting Guard","Martell Webster","28346 followers ","index.cfm?AthleteID=4618","http://pbs.twimg.com/profile_images/519305759570812928/ses86B3Z_normal.jpeg"
"Small Forward","Trevor Ariza","63738 followers ","index.cfm?AthleteID=3016","http://pbs.twimg.com/profile_images/378800000166990633/4eec6a2b9c3a85576ff897c3835669dd_normal.jpeg"
"Power Forward","Trevor Booker","21312 followers ","index.cfm?AthleteID=8407","http://pbs.twimg.com/profile_images/553933489439911936/khW3SrRr_normal.jpeg"
