follower_id,following,screen_name,is_geo_enabled
735425726,"mitchrichmond23","tlvowen",true
876882373,"mitchrichmond23","ksucat4",false
456255338,"mitchrichmond23","Trddc",false
32729662,"mitchrichmond23","cbem320",true
1894426652,"mitchrichmond23","k_kink4",false
1939349426,"mitchrichmond23","2t2roy",false
515095390,"mitchrichmond23","mjs2333",true
614738893,"mitchrichmond23","Pzjenn",true
1965760046,"mitchrichmond23","pushmr2",false
21987279,"mitchrichmond23","BigKwaz",true
549679279,"mitchrichmond23","lgeg63",false
49846615,"mitchrichmond23","drex782",false
14404512,"mitchrichmond23","tdoggy",true
153009219,"mitchrichmond23","LB_9",false
27351803,"mitchrichmond23","jamcg37",false
405201374,"mitchrichmond23","Quetez7",true
522468677,"mitchrichmond23","Thuzio",true
236695198,"mitchrichmond23","cmwe11s",false
1898830274,"mitchrichmond23","nugoc13",true
63876959,"mitchrichmond23","cjrohs",false
610886132,"mitchrichmond23","MsKateW",true
30330625,"mitchrichmond23","nron007",true
150215204,"mitchrichmond23","tgmlaw",true
156584266,"mitchrichmond23","RynMdx",true
822124868,"mitchrichmond23","JeriB5",false
1569507708,"mitchrichmond23","BATAPOD",false
337491596,"mitchrichmond23","jhilla6",false
354897395,"mitchrichmond23","Soufis7",false
1942944912,"mitchrichmond23","SGRLSS",false
36386803,"mitchrichmond23","prnzs",true
1939012921,"mitchrichmond23","kst8r92",false
1904689321,"mitchrichmond23","Swish7X",false
807292543,"mitchrichmond23","vweddie",true
1170631196,"mitchrichmond23","EMAW_JR",false
28728175,"mitchrichmond23","KWCOOK5",true
347463657,"mitchrichmond23","gpweb29",false
1117390736,"mitchrichmond23","JEA2304",false
480426603,"mitchrichmond23","MBA_76",true
14746821,"mitchrichmond23","bqueal",true
50893464,"mitchrichmond23","eabjork",true
922369398,"mitchrichmond23","aarovan",false
310425569,"mitchrichmond23","Japshaq",false
1721363371,"mitchrichmond23","mwkl45",true
1684100227,"mitchrichmond23","mordim1",false
1855474981,"mitchrichmond23","IB_Stef",false
11762912,"mitchrichmond23","samrac",true
631233994,"mitchrichmond23","aapov81",false
26696293,"mitchrichmond23","vmatt99",false
604194022,"mitchrichmond23","menae10",false
516510806,"mitchrichmond23","jbnjpn",true
778954711,"mitchrichmond23","HoyasAD",false
394522541,"mitchrichmond23","_wangs_",true
480360587,"mitchrichmond23","Qheggie",false
66152030,"mitchrichmond23","JEMEEA",true
1661592420,"mitchrichmond23","Jhtsb",false
1669838972,"mitchrichmond23","Lou_126",false
38305799,"mitchrichmond23","pjc7777",false
22075828,"mitchrichmond23","AXIA3",true
200709766,"mitchrichmond23","tmr78",false
35968135,"mitchrichmond23","DWO34",true
21929624,"mitchrichmond23","piavet",true
43754056,"mitchrichmond23","Big2hd",false
1166570376,"mitchrichmond23","Erb5150",false
1642545631,"mitchrichmond23","2modz",false
1643736314,"mitchrichmond23","EMAW07",false
172490506,"mitchrichmond23","HHFCEO",false
304528649,"mitchrichmond23","JLB_007",true
393501482,"mitchrichmond23","imEliG",false
6081092,"mitchrichmond23","skforty",true
1608737762,"mitchrichmond23","y2p316",false
1508074855,"mitchrichmond23","cjm4909",false
40557659,"mitchrichmond23","WWB_CA",false
352814525,"mitchrichmond23","MrDietz",false
751042970,"mitchrichmond23","noyyyah",false
1571519899,"mitchrichmond23","xHJR95x",false
330539183,"mitchrichmond23","SpeSchi",true
1590646430,"mitchrichmond23","s998311",false
305274312,"mitchrichmond23","Sladek7",false
1327002139,"mitchrichmond23","nartred",false
124350676,"mitchrichmond23","MFreeSW",true
22215977,"mitchrichmond23","Dreby14",false
101300868,"mitchrichmond23","Kdigsin",true
198199154,"mitchrichmond23","mdmollo",false
268615602,"mitchrichmond23","aobusu",false
249193964,"mitchrichmond23","MCase50",true
61365847,"mitchrichmond23","Jpm1483",false
1577319576,"mitchrichmond23","Not_DMC",false
744389810,"mitchrichmond23","MSudaj",false
857265438,"mitchrichmond23","cgasm",false
1000153826,"mitchrichmond23","ddulahf",true
172912795,"mitchrichmond23","DLogs3",false
21121796,"mitchrichmond23","Hof66",true
217193213,"mitchrichmond23","dcw87",false
844273008,"mitchrichmond23","MCfor3",false
623061716,"mitchrichmond23","LiTy916",false
99854145,"mitchrichmond23","shunizo",true
516042382,"mitchrichmond23","tRaw46",false
25781525,"mitchrichmond23","wervin8",false
19625080,"mitchrichmond23","aLaFred",false
475840872,"mitchrichmond23","donab34",false
49375754,"mitchrichmond23","nizbot",false
266408882,"mitchrichmond23","abanobp",true
39422298,"mitchrichmond23","gwiss",false
352544829,"mitchrichmond23","RJD2001",false
1535525828,"mitchrichmond23","nba_ph",false
1486795525,"mitchrichmond23","Airbiva",true
157099305,"mitchrichmond23","duirmer",true
1533891906,"mitchrichmond23","spola91",false
274831684,"mitchrichmond23","CougSID",true
232365704,"mitchrichmond23","wfsus1",false
1439263094,"mitchrichmond23","jpcat81",false
124097066,"mitchrichmond23","CTSLIMO",false
17692633,"mitchrichmond23","alleyj",false
1520255558,"mitchrichmond23","playnok",false
1468041246,"mitchrichmond23","TGjerky",true
288786486,"mitchrichmond23","ferdinandurant",false
426194766,"mitchrichmond23","CodyWhite19",false
392411896,"mitchrichmond23","Boomboy53",false
433111645,"mitchrichmond23","The_BlueBandit",false
160700217,"mitchrichmond23","CTDSportsLLC",true
82627452,"mitchrichmond23","CSchop14",true
750055302,"mitchrichmond23","ajwalter03",false
289681811,"mitchrichmond23","PacoPebblebrook",false
53731576,"mitchrichmond23","josephpacey",true
79464447,"mitchrichmond23","cory_jensen",false
402134483,"mitchrichmond23","derrickshelor",false
2273225538,"mitchrichmond23","AlanHammerli",false
57547544,"mitchrichmond23","djessup13",false
352547799,"mitchrichmond23","CollinMaguire",false
1915471844,"mitchrichmond23","bmcmillan8",true
427738941,"mitchrichmond23","RichSoun",false
51045124,"mitchrichmond23","mwinkelbauer",true
261863520,"mitchrichmond23","iThrilll",false
35902647,"mitchrichmond23","angelawhay",false
48110588,"mitchrichmond23","dawnneher",false
2275495814,"mitchrichmond23","EichmanJustin",false
73724737,"mitchrichmond23","evermayas",false
70316197,"mitchrichmond23","PMasih007",false
1927158175,"mitchrichmond23","SportieMG",false
415203995,"mitchrichmond23","Shyhawks",true
876208418,"mitchrichmond23","BlakemoreJack",false
394499354,"mitchrichmond23","stuhardin",false
1323297793,"mitchrichmond23","lundin44",false
2214053379,"mitchrichmond23","ryanbeemer",false
2287207154,"mitchrichmond23","jgavero",false
22319967,"mitchrichmond23","PROTOTYPEPHAY",false
159296382,"mitchrichmond23","lilyoungfresh",false
28480956,"mitchrichmond23","JerJohnPhoto",false
504881980,"mitchrichmond23","LetsGoSac",false
2272638856,"mitchrichmond23","alexhonka87",false
425233540,"mitchrichmond23","dthomas702",false
153883071,"mitchrichmond23","ballplayer1976",true
1291538678,"mitchrichmond23","souluisa",false
755641717,"mitchrichmond23","ShecterJoshua",true
2268844184,"mitchrichmond23","JoshuaMymom",false
1467405332,"mitchrichmond23","BLESSED_TONY_O",true
2281429212,"mitchrichmond23","tracy_gerald",false
2272398192,"mitchrichmond23","JeffreyPerrine",false
2192745098,"mitchrichmond23","DebMyhr",false
246881289,"mitchrichmond23","Jim_Wollen",true
2238325560,"mitchrichmond23","Sacto_Realtor",false
319529691,"mitchrichmond23","OfficialStuntz",true
2278367310,"mitchrichmond23","plzFolw_Q_acy5",false
246457149,"mitchrichmond23","MariaTZumba",false
372610057,"mitchrichmond23","TeamUpcups",false
94179641,"mitchrichmond23","THENobodySpcl",false
1637570731,"mitchrichmond23","KingsGirl520",false
457432645,"mitchrichmond23","JacobMaher78",false
210194637,"mitchrichmond23","r_senter",true
1666424138,"mitchrichmond23","FuadValizadeh",true
938117509,"mitchrichmond23","Lynneplum612",true
2275950714,"mitchrichmond23","jason_wyre",false
2255156689,"mitchrichmond23","notrealPeja16",false
941729221,"mitchrichmond23","NBA__Quotes",false
2207463312,"mitchrichmond23","Burritoman78",true
922830416,"mitchrichmond23","DJGenesisGeroni",true
631062728,"mitchrichmond23","OMJuwara",false
79131180,"mitchrichmond23","KILMENAO",true
16157412,"mitchrichmond23","stevenpmullins",false
2243044488,"mitchrichmond23","JacobZiegenhirt",false
746188201,"mitchrichmond23","HaloHospitality",false
1802323424,"mitchrichmond23","ITs_Headband",false
2268251053,"mitchrichmond23","TheSacBoogieMan",false
259470496,"mitchrichmond23","Akiimura",false
1061393810,"mitchrichmond23","aLeX_Cikilev",false
2266564760,"mitchrichmond23","NBAValidated",false
47808105,"mitchrichmond23","anothertebow",false
17617227,"mitchrichmond23","ArashMarkazi",true
2266400162,"mitchrichmond23","JillOst",false
1398606812,"mitchrichmond23","matthew_seibel",false
2265504690,"mitchrichmond23","lacokcpor300",false
722151943,"mitchrichmond23","jlutter15",false
1699788800,"mitchrichmond23","KCleveland381",false
610761732,"mitchrichmond23","CubbageJavon",true
2263893494,"mitchrichmond23","TheNBASpotlight",false
2264302580,"mitchrichmond23","Realboyfriends_",false
843823843,"mitchrichmond23","bsmithhh07",false
2163480953,"mitchrichmond23","auntieadepa",false
148542284,"mitchrichmond23","boiboidice",false
37243701,"mitchrichmond23","muggsytobs",false
2262154004,"mitchrichmond23","jpstark05",false
62715093,"mitchrichmond23","PamelaMcGee34",true
444147620,"mitchrichmond23","ARStuewe",false
41767355,"mitchrichmond23","MURILLO661",false
2214654259,"mitchrichmond23","mancaveultimate",true
525906093,"mitchrichmond23","ZachNock",false
442270315,"mitchrichmond23","RichardGoody",false
1661030132,"mitchrichmond23","BluenyPaul",false
1586764063,"mitchrichmond23","Gurveer_23",false
30906114,"mitchrichmond23","WGGotBounce",true
2260182757,"mitchrichmond23","biboyXXIV",false
2235730981,"mitchrichmond23","savrajbisla",false
1301777070,"mitchrichmond23","maticrazy23",false
162210092,"mitchrichmond23","BethSilverberg",false
219603810,"mitchrichmond23","alisiddiqui23",false
41429372,"mitchrichmond23","noddiethe001",false
433955480,"mitchrichmond23","BigVeep10",false
1463014478,"mitchrichmond23","NYYYANKEES10",false
2258068482,"mitchrichmond23","eugenebrown_2",false
335091935,"mitchrichmond23","bball_bates",true
16897151,"mitchrichmond23","minpinbud",false
348290843,"mitchrichmond23","Graphwize",false
159221708,"mitchrichmond23","samzombee",true
378359479,"mitchrichmond23","DesertDime",true
1215840500,"mitchrichmond23","ScottChernin",false
1066961394,"mitchrichmond23","jakepav9",false
1002103350,"mitchrichmond23","CoachJeromeJ",true
812523601,"mitchrichmond23","under_the_hoop",true
384933771,"mitchrichmond23","OG_Professor",false
30924507,"mitchrichmond23","KristineLeahy",false
552603556,"mitchrichmond23","JLDaniells",false
426951831,"mitchrichmond23","curtismharris",false
509546948,"mitchrichmond23","m709nhra",false
475628241,"mitchrichmond23","thecarlpayne",false
380383632,"mitchrichmond23","ednmylene",false
2224209967,"mitchrichmond23","spearson4327",false
193140792,"mitchrichmond23","hockeydad11",false
75222436,"mitchrichmond23","InvestnetCRE",true
1030310335,"mitchrichmond23","thesoria6",true
415111295,"mitchrichmond23","adamkatsch",true
23151499,"mitchrichmond23","robgoodwinjr",true
207003812,"mitchrichmond23","NelloLife",true
453530459,"mitchrichmond23","BrentDickinson",false
392857575,"mitchrichmond23","LifeLiver_JayR",false
1573263613,"mitchrichmond23","DavidNurse05",true
163391653,"mitchrichmond23","JesseRanney",false
1426506649,"mitchrichmond23","CJsacramento",false
315336680,"mitchrichmond23","DanBergal",false
2224964850,"mitchrichmond23","mrchhiev",true
2203869057,"mitchrichmond23","RelloBeats",false
19557575,"mitchrichmond23","bringmedabir",true
55361746,"mitchrichmond23","TrempsRoso",false
2238376309,"mitchrichmond23","hoopsmachine",false
2212877607,"mitchrichmond23","herschstrong",false
2236722535,"mitchrichmond23","_TwiceAsNice",false
208256227,"mitchrichmond23","octagonofdoom",false
737207216,"mitchrichmond23","ksumark98",false
1526480353,"mitchrichmond23","ST999989",false
93281545,"mitchrichmond23","ryanlewis90",true
1950045386,"mitchrichmond23","KHilario82",false
2228141736,"mitchrichmond23","Stefano_Taglia",false
17207474,"mitchrichmond23","JediYank",false
737176316,"mitchrichmond23","SFSkeptic",false
2233651800,"mitchrichmond23","lanbafan91",false
260920609,"mitchrichmond23","plushlifeevents",false
2232806598,"mitchrichmond23","deb_mira",true
271661345,"mitchrichmond23","Scott_Rossow",true
2194933540,"mitchrichmond23","Owner46213217",false
1883863759,"mitchrichmond23","KingsandJaxs",false
874170618,"mitchrichmond23","19_Gonzalez_89",false
2171131176,"mitchrichmond23","jedong10",false
1007003178,"mitchrichmond23","NocoBeats",true
768500784,"mitchrichmond23","melissajesq",false
164523798,"mitchrichmond23","JohnsBarelyHome",false
389620823,"mitchrichmond23","SeanRooks45",false
1001821386,"mitchrichmond23","Mann_Toot",false
330540019,"mitchrichmond23","SakKings",false
542162304,"mitchrichmond23","mikehelms54",true
2223744696,"mitchrichmond23","iink_Nation",false
176878950,"mitchrichmond23","CAnewhomesagent",false
158126370,"mitchrichmond23","Pinoybrand",true
2225170111,"mitchrichmond23","SkyhookThurmond",false
298891072,"mitchrichmond23","shiftyshivers",false
327265337,"mitchrichmond23","Skip_Carlson",true
52452247,"mitchrichmond23","2Racoons",false
6184582,"mitchrichmond23","JulieGallaher",true
1970398459,"mitchrichmond23","denshadorabushi",true
235407313,"mitchrichmond23","kcksucat",false
2219657287,"mitchrichmond23","ed_ranz",true
443197829,"mitchrichmond23","haight_kyle",true
174973078,"mitchrichmond23","louis_ciou",true
55134661,"mitchrichmond23","bgdeltagirl",false
2218310124,"mitchrichmond23","TeamPizzaGuy",false
37831365,"mitchrichmond23","jwalters_seton",false
2148083772,"mitchrichmond23","cardellasarts",false
137095364,"mitchrichmond23","Anovak32",true
2216518434,"mitchrichmond23","jombay91",false
1257268165,"mitchrichmond23","SeniorSeau55",false
2216110561,"mitchrichmond23","mbembecher",true
2176439432,"mitchrichmond23","marq_sr",false
23113399,"mitchrichmond23","sophiashoewhore",true
481643631,"mitchrichmond23","LittleRyuMoniz",true
2169354841,"mitchrichmond23","saucedhouse",false
2212774748,"mitchrichmond23","lilsainsbury",false
23825303,"mitchrichmond23","ABC7Elex",true
7331862,"mitchrichmond23","robbhunt",true
2211429416,"mitchrichmond23","Tonylew1976",true
2210044765,"mitchrichmond23","Sportstalkfanpg",false
2210751379,"mitchrichmond23","ewhy20",false
2192298033,"mitchrichmond23","Nbajunkie35",false
21840233,"mitchrichmond23","mmafreak100",true
2205414211,"mitchrichmond23","mikesniz916",false
229245090,"mitchrichmond23","AlexCalinsky",false
2206458944,"mitchrichmond23","RoyalQuart",false
34081596,"mitchrichmond23","DanWoikeSports",false
276525320,"mitchrichmond23","97KState",false
750029894,"mitchrichmond23","Purple_Casey_C",false
246864992,"mitchrichmond23","jstrohl152",false
1704098503,"mitchrichmond23","ColinXTHH",true
2196677198,"mitchrichmond23","nbashan2",false
2171854562,"mitchrichmond23","32omahastylee32",false
22345605,"mitchrichmond23","AAAmpania",true
131118617,"mitchrichmond23","InShowWeTrust",true
30716669,"mitchrichmond23","ladyrebeccajade",false
1970077478,"mitchrichmond23","miles0120",true
1968052981,"mitchrichmond23","danieljgaytan",false
26407207,"mitchrichmond23","waco_aries",true
2189067734,"mitchrichmond23","PageAthlete",false
289803930,"mitchrichmond23","MambaWhyte",false
624101499,"mitchrichmond23","AmranHossain60",false
1041070662,"mitchrichmond23","herewithyourmom",false
747612368,"mitchrichmond23","420_aaron",false
2188132316,"mitchrichmond23","BringBackDonte",false
2187866724,"mitchrichmond23","NBA30News",false
1925639635,"mitchrichmond23","diggler821",false
562666109,"mitchrichmond23","StormRacing81",false
2180771880,"mitchrichmond23","ChuckerNBA",false
2175127342,"mitchrichmond23","TomasSgrizzi916",false
2174769502,"mitchrichmond23","DaPackers52",false
215149668,"mitchrichmond23","hisairness20",true
1888928305,"mitchrichmond23","darrellharden23",false
14375915,"mitchrichmond23","mcondition",false
1937120317,"mitchrichmond23","LeMondeAuRebond",false
1849671133,"mitchrichmond23","4everfam4",false
2174661078,"mitchrichmond23","RetroSports411",false
2167869114,"mitchrichmond23","TakeFIight",false
418166161,"mitchrichmond23","Sactown_Kings6",true
70426182,"mitchrichmond23","Andrew_Hoppe",false
1735245500,"mitchrichmond23","OvBaerga",false
1227123025,"mitchrichmond23","Stax_Motown41",false
566319770,"mitchrichmond23","guccibaby182",false
109140796,"mitchrichmond23","AirRusher",false
1963588818,"mitchrichmond23","marciobustos2",true
1582237082,"mitchrichmond23","Adithyany",false
2165759072,"mitchrichmond23","AUS_NBA",false
2170504178,"mitchrichmond23","KingsFanTam",false
2170071834,"mitchrichmond23","matty_liam",false
1729085526,"mitchrichmond23","SacRando",false
481250551,"mitchrichmond23","MarcinChmura32",true
1274083544,"mitchrichmond23","beastly_kat44",false
2166704906,"mitchrichmond23","Skrabotz",false
60411245,"mitchrichmond23","SethGamblexxx",false
944491926,"mitchrichmond23","theclementg",false
2164326644,"mitchrichmond23","bhurnman",false
2165611988,"mitchrichmond23","Jbpon8",false
1175413231,"mitchrichmond23","HumbleEagle1",false
41736402,"mitchrichmond23","mike49er",true
92157874,"mitchrichmond23","JustinAnder916",true
310595542,"mitchrichmond23","wikipuff88",false
21328049,"mitchrichmond23","CMarshallTLN",true
606431259,"mitchrichmond23","jnsparky",true
229763787,"mitchrichmond23","thagrimreefer",false
2163689929,"mitchrichmond23","CameronLLTK",false
390915028,"mitchrichmond23","CoachT_Miller",false
140725945,"mitchrichmond23","BFTAcademy",true
310534943,"mitchrichmond23","mntnbiker4life",false
2164039944,"mitchrichmond23","BayAreaNSac",false
232938243,"mitchrichmond23","AmbreTyrrel",true
546559293,"mitchrichmond23","MatthewPRanda88",true
135029435,"mitchrichmond23","TeeDubb70",true
1673369257,"mitchrichmond23","GotKansas",true
2163843494,"mitchrichmond23","impielife",false
1428219750,"mitchrichmond23","FOXSportsLive",true
629826757,"mitchrichmond23","KilkennyKing",false
1096878331,"mitchrichmond23","jack_dre",false
2163093530,"mitchrichmond23","starrken",false
276744293,"mitchrichmond23","AllegraVHGreen",true
61842713,"mitchrichmond23","RojGrobes",true
2162585401,"mitchrichmond23","GarnettFan4Life",false
18739719,"mitchrichmond23","HaroldFrink",false
218667420,"mitchrichmond23","ichooseshorts",false
855969072,"mitchrichmond23","yingkopin",false
240131181,"mitchrichmond23","chaddavis82",false
115775491,"mitchrichmond23","thisgirltamika",true
1959988562,"mitchrichmond23","SacSportsAnnex",false
1856076841,"mitchrichmond23","NiKa_Z_5iVe",false
16554091,"mitchrichmond23","dschwartze1",true
311880850,"mitchrichmond23","khenetix",true
115423995,"mitchrichmond23","TonyMoore55",false
1618803126,"mitchrichmond23","Kasper_Strand",false
529601885,"mitchrichmond23","crusty1975",false
147375499,"mitchrichmond23","kirkellisjr",true
471622486,"mitchrichmond23","JScottHanks",true
31551964,"mitchrichmond23","blahblah1993",false
182979067,"mitchrichmond23","CoreDrKris",true
484878330,"mitchrichmond23","RyanMillard206",true
120532448,"mitchrichmond23","cbSkaterboy",false
1023833191,"mitchrichmond23","rllucchini",false
2150142238,"mitchrichmond23","nbaautos",false
371410657,"mitchrichmond23","Gilzotoo",false
1965478098,"mitchrichmond23","hoodboyz12345",false
2149158112,"mitchrichmond23","arda_tartan1",false
354901646,"mitchrichmond23","ntmaddox",false
2148216067,"mitchrichmond23","Schavezjr",false
2148490299,"mitchrichmond23","ed_tearnur",false
2147989086,"mitchrichmond23","instant_nba",false
717461224,"mitchrichmond23","JPArriola",false
51591279,"mitchrichmond23","TippyTotShoes",false
1977012158,"mitchrichmond23","craigbrooks4468",false
1962093043,"mitchrichmond23","IvanCarrillo916",false
33092842,"mitchrichmond23","leannsturdy",false
160781701,"mitchrichmond23","MarvinG0",true
1972461666,"mitchrichmond23","moodyjoe77",false
261902998,"mitchrichmond23","CoachMohlis",true
320778504,"mitchrichmond23","PapoBasquete",false
1949643854,"mitchrichmond23","pjferg88",false
1959111632,"mitchrichmond23","JJehosephat777",true
1957190442,"mitchrichmond23","2xchamp916",false
1969240201,"mitchrichmond23","life_hoops",false
1968362258,"mitchrichmond23","SevenBarNGrill",false
719616171,"mitchrichmond23","ThinkTankSport",false
181811200,"mitchrichmond23","nbALLday247",false
40497525,"mitchrichmond23","mymimize",true
274502480,"mitchrichmond23","FLIGHTNEL9",true
267249096,"mitchrichmond23","adismietana",false
1897444494,"mitchrichmond23","YaninaG72245267",true
1628928991,"mitchrichmond23","lcdmedic",true
576874765,"mitchrichmond23","RandoBrian",false
326304851,"mitchrichmond23","ryannishimura",false
37963697,"mitchrichmond23","CraigThompson98",false
1959137906,"mitchrichmond23","mmunoz41",false
1025934757,"mitchrichmond23","theuswardlow",false
1609676461,"mitchrichmond23","sharon_lizbet",false
966334057,"mitchrichmond23","valleywoodland",false
1955796613,"mitchrichmond23","allstars_nba",false
954474372,"mitchrichmond23","DivisionCleaner",false
1837057574,"mitchrichmond23","acarrillo822",false
1686874915,"mitchrichmond23","king_steezy69",false
850877070,"mitchrichmond23","Thando25_TJ",false
1674767606,"mitchrichmond23","GoDucksNP",true
1594603285,"mitchrichmond23","rickypierce22",false
198534918,"mitchrichmond23","Royalflush55",true
1950563310,"mitchrichmond23","ConManJames66",false
193026362,"mitchrichmond23","S_Thoma5",false
810684974,"mitchrichmond23","Courtz582",false
40521550,"mitchrichmond23","JoJoWalt",true
30339996,"mitchrichmond23","o_legarreta",true
1948100948,"mitchrichmond23","andersonsdry",true
1643199174,"mitchrichmond23","tladwildcat",true
904410961,"mitchrichmond23","SportsForum",false
142796013,"mitchrichmond23","dleggitt",false
1116107767,"mitchrichmond23","bigorsey",true
1942057002,"mitchrichmond23","proathletefanpa",false
52874598,"mitchrichmond23","8888PELE8888",false
1663338822,"mitchrichmond23","LieberAri",false
164361543,"mitchrichmond23","Bucketsacademy",false
1134899840,"mitchrichmond23","mustainryan",true
26235724,"mitchrichmond23","MisssSlowJam",false
1936623121,"mitchrichmond23","BelieveinSac",true
633862469,"mitchrichmond23","MahmudCinematic",true
394736332,"mitchrichmond23","GSWarriorsFan75",true
1866696121,"mitchrichmond23","BCZepterVienna",false
321650652,"mitchrichmond23","SportsExpoSac",false
23738192,"mitchrichmond23","DaleSchornack",false
71100639,"mitchrichmond23","nelsonbjork",true
701997473,"mitchrichmond23","Pmtm8888",false
492641021,"mitchrichmond23","KyleBruna",false
47751167,"mitchrichmond23","BrentHogarth",true
54826306,"mitchrichmond23","EddieMata",true
1497100200,"mitchrichmond23","barndoggie07",false
316627726,"mitchrichmond23","matty8ice",false
1676998585,"mitchrichmond23","josephpcraig",false
178961830,"mitchrichmond23","dalcowboys1",false
1906729674,"mitchrichmond23","EnriqueVF_",true
49843472,"mitchrichmond23","egoody915",false
1923708968,"mitchrichmond23","JoshKerger",false
1920216685,"mitchrichmond23","hoopslegends",false
44275204,"mitchrichmond23","Drew_Poulos",false
397881944,"mitchrichmond23","yeeanslappos",false
978991892,"mitchrichmond23","The_Key_Center",false
1905137935,"mitchrichmond23","LoicDucrocq",false
216200510,"mitchrichmond23","browntea27",true
331291711,"mitchrichmond23","Odelltlwh",false
1912568808,"mitchrichmond23","Ope_tope",false
452439990,"mitchrichmond23","EMAW_Brett",false
1712830531,"mitchrichmond23","bigfoot16mon",false
358068516,"mitchrichmond23","DanielsTireCA",true
617612901,"mitchrichmond23","Derricky1713",true
1908183109,"mitchrichmond23","SnydersStatue",true
1369862185,"mitchrichmond23","JordonCooper20",false
520576299,"mitchrichmond23","_Cody_Hart_",false
1904792648,"mitchrichmond23","PaulsonDoug",false
1430853036,"mitchrichmond23","murgolini",false
1899383491,"mitchrichmond23","daniel__donahue",true
1902529724,"mitchrichmond23","sacking9er",false
564533694,"mitchrichmond23","thunderstorm_86",true
37851189,"mitchrichmond23","Topstorycory",true
939338593,"mitchrichmond23","mynameislewr",true
560135967,"mitchrichmond23","conversekid83",false
278578084,"mitchrichmond23","cwallaceyankees",false
631497602,"mitchrichmond23","head_hoop",false
52670974,"mitchrichmond23","greggy5878",true
1028236784,"mitchrichmond23","SCWmavriks",true
234165479,"mitchrichmond23","sunrise2441",false
59613994,"mitchrichmond23","Uhhlexannderrr7",false
1894474920,"mitchrichmond23","NinergangNick",false
352168082,"mitchrichmond23","savemartgod",false
37927912,"mitchrichmond23","IamRBDelaCruz",false
444305599,"mitchrichmond23","reedseedsales",true
787354478,"mitchrichmond23","JenniferHosman3",false
18309139,"mitchrichmond23","draperdouthit",false
480887338,"mitchrichmond23","bradseib",false
1424891282,"mitchrichmond23","YaBrownjr84",false
474702932,"mitchrichmond23","chris_harrison1",false
790538556,"mitchrichmond23","zacktrumpp",false
490564830,"mitchrichmond23","RyanCollinsMBA",false
1202109523,"mitchrichmond23","HunterCor",false
1096973034,"mitchrichmond23","sachmo_21",false
299782087,"mitchrichmond23","CGallagherDDS",false
153610173,"mitchrichmond23","Steenbockj",true
276544359,"mitchrichmond23","RealRhonda",true
15936726,"mitchrichmond23","cpotchad",false
4199441,"mitchrichmond23","katiemarie",false
263893052,"mitchrichmond23","Richard_D_Green",false
555326802,"mitchrichmond23","KaylynKeating",false
340634613,"mitchrichmond23","shaunwayKSU",false
573226726,"mitchrichmond23","ArceoNoe",true
1877989471,"mitchrichmond23","SacBodyGuard",false
1328478530,"mitchrichmond23","kmill071",false
67708060,"mitchrichmond23","BredToLiveGLowe",false
1849020031,"mitchrichmond23","RameyLuke",false
1877183486,"mitchrichmond23","vovchikuss",false
144660854,"mitchrichmond23","Vjdfhsvi",false
1878158726,"mitchrichmond23","timberwolves_21",false
1689359192,"mitchrichmond23","CozzIsWHYLIN",true
110580519,"mitchrichmond23","frankyycano",false
364979350,"mitchrichmond23","ZacharyZollars",true
175526345,"mitchrichmond23","alwaysonlytony",false
445167028,"mitchrichmond23","vdella0922",true
1074999158,"mitchrichmond23","Rickdiculous5",false
1866061824,"mitchrichmond23","RaidersSacKings",false
47337795,"mitchrichmond23","FasTrackMinist",true
1100586546,"mitchrichmond23","MarkWaldman14",false
1863556532,"mitchrichmond23","302631529",false
31638038,"mitchrichmond23","lmayatedeandrei",true
1862041855,"mitchrichmond23","sacramentoking9",false
29169010,"mitchrichmond23","bennydunn",false
1831070522,"mitchrichmond23","drydenlewis",true
308235011,"mitchrichmond23","Simple_GurlShit",true
1015102554,"mitchrichmond23","Assapgoldie",false
1858246734,"mitchrichmond23","NBA2kgeek",false
1631893824,"mitchrichmond23","CathyMo67129031",false
1856795935,"mitchrichmond23","MvZuilichem",false
411089418,"mitchrichmond23","NyssaVpriv1",true
110388253,"mitchrichmond23","FrankieBautista",false
1855825752,"mitchrichmond23","hangingWcelebs",false
1631611711,"mitchrichmond23","mh0987654321123",false
1259850056,"mitchrichmond23","junespineda",true
1107674412,"mitchrichmond23","ShevahnMarie",false
560330914,"mitchrichmond23","ngunta17",false
1426937688,"mitchrichmond23","jasminatorlife",false
1670423192,"mitchrichmond23","RhegSalas",false
38778658,"mitchrichmond23","cassyathena",true
311759223,"mitchrichmond23","imanih007",false
429227217,"mitchrichmond23","THEGODCANSTORE",true
21840484,"mitchrichmond23","LisaLeslie",false
393514932,"mitchrichmond23","DustinOgden1978",false
16371289,"mitchrichmond23","9thWonderMusic",false
102187596,"mitchrichmond23","NikiToliver",false
539400201,"mitchrichmond23","HammBone311",false
46872821,"mitchrichmond23","Kspecial39",false
183349235,"mitchrichmond23","ShowStoppaEnt1",true
861244526,"mitchrichmond23","justinappleseed",true
438147518,"mitchrichmond23","SterlWorld1999",true
102780710,"mitchrichmond23","_chrisgraham",false
70273115,"mitchrichmond23","nickieanglesey",true
31011508,"mitchrichmond23","tammydps",false
36961075,"mitchrichmond23","ZigZag52501",false
14109329,"mitchrichmond23","andrewfinchwbc",false
1830316772,"mitchrichmond23","nbanationsforev",false
64329317,"mitchrichmond23","Groovonne",false
7564892,"mitchrichmond23","MichelleRozzen",true
49566217,"mitchrichmond23","hjestebez",true
593977551,"mitchrichmond23","dakotamaneval",false
356101282,"mitchrichmond23","MalibuCyn",true
15917338,"mitchrichmond23","WillieTaylor",false
409661011,"mitchrichmond23","QueenBBJudy",false
152761814,"mitchrichmond23","BreezyJose",true
198703781,"mitchrichmond23","RStalis07",true
1129076341,"mitchrichmond23","dollarsigns562",false
725493788,"mitchrichmond23","FloydWalker1",true
27823498,"mitchrichmond23","cjpaul14",false
1006347589,"mitchrichmond23","Naddimausi",false
20253912,"mitchrichmond23","amandabuffalo",false
726654002,"mitchrichmond23","GT__Updates",false
167775354,"mitchrichmond23","liezelja",false
137365202,"mitchrichmond23","Leo_JClark",true
59768146,"mitchrichmond23","angelschocolate",false
1646883948,"mitchrichmond23","3vol_Angel",false
1707063624,"mitchrichmond23","Ploy_Duangkamon",true
1499479562,"mitchrichmond23","Shadanah",false
74415274,"mitchrichmond23","kandybreezy",false
109199068,"mitchrichmond23","In2WinRecords",true
568186481,"mitchrichmond23","imdhayungbaws",true
234657868,"mitchrichmond23","Gumdropz84",false
720601003,"mitchrichmond23","CrazyLiNiCat",false
1578825529,"mitchrichmond23","kemo_202",false
1623236839,"mitchrichmond23","michaeljoel1992",false
1323498624,"mitchrichmond23","titaj6442",false
1198714220,"mitchrichmond23","Cameron_H90",false
125783114,"mitchrichmond23","zerocuecard",false
1681236277,"mitchrichmond23","BrickHouze1",false
1275980178,"mitchrichmond23","BassiemodiseM",false
158052924,"mitchrichmond23","centralvalleyfb",true
128397532,"mitchrichmond23","GREENLIGHTENTLA",false
1731514982,"mitchrichmond23","Marky_Saaaan",false
218751236,"mitchrichmond23","jmaiso33",false
145543210,"mitchrichmond23","jacquezvargas",false
968853223,"mitchrichmond23","SethRosenberg3",false
1475255072,"mitchrichmond23","Scullyfan",true
15694540,"mitchrichmond23","JasonImprota",true
1609771261,"mitchrichmond23","alnoorjamal17",false
22818861,"mitchrichmond23","sac_midtown",false
386150869,"mitchrichmond23","IAmQueenJaz",false
25491294,"mitchrichmond23","NajJeter",true
25775212,"mitchrichmond23","goodwilly",false
1666696092,"mitchrichmond23","RonnyTheGamer",false
1640882598,"mitchrichmond23","sjay0908",false
532800344,"mitchrichmond23","PatVogeli",false
954582188,"mitchrichmond23","HentonBuckets43",false
37555792,"mitchrichmond23","imagez2kdesign",true
40797100,"mitchrichmond23","Greenleaf33",false
1720636676,"mitchrichmond23","GennaSgrizzi",false
127412691,"mitchrichmond23","HuiWesley",true
38807080,"mitchrichmond23","KananiMac",false
1132201152,"mitchrichmond23","mooremattersllc",true
63767912,"mitchrichmond23","Tre_Lamar",false
1124196104,"mitchrichmond23","exnbadotcom",false
129380621,"mitchrichmond23","taker1293",false
1712023226,"mitchrichmond23","coach_twitty",false
44852332,"mitchrichmond23","andrewluii",false
38555645,"mitchrichmond23","CoachJimLes",false
115505099,"mitchrichmond23","rockeritalindaa",true
1682352266,"mitchrichmond23","JoinSBNP",false
1705511328,"mitchrichmond23","ReggieStewartJr",false
121625910,"mitchrichmond23","swjones009",false
1700601450,"mitchrichmond23","athletepropage",false
1445208974,"mitchrichmond23","JamesSaldivar80",false
28278402,"mitchrichmond23","AlexDodge1",false
390259885,"mitchrichmond23","medientycoon",false
416866438,"mitchrichmond23","YTthanx4pLAyin",true
1344378614,"mitchrichmond23","ViggySmalls1",true
1423909776,"mitchrichmond23","AntonGarcia3",false
1685976138,"mitchrichmond23","metallifrk15",false
1699612021,"mitchrichmond23","bball_analysis",false
406729762,"mitchrichmond23","lc_hrbwy",false
235650902,"mitchrichmond23","Thehailhailhail",false
1698206042,"mitchrichmond23","proathletepage",false
24979103,"mitchrichmond23","ManOfMuzic",true
1696736076,"mitchrichmond23","fooltone",false
1689913800,"mitchrichmond23","PowercatBergie",false
1688769140,"mitchrichmond23","J23Ruger",false
55717182,"mitchrichmond23","shutdown24",false
1694421199,"mitchrichmond23","ufcnba6719",false
120310856,"mitchrichmond23","gabriel__02",true
590932814,"mitchrichmond23","KiwiTo_Real",true
1691084749,"mitchrichmond23","ChinaYouqi",true
22294072,"mitchrichmond23","natewashburn",false
532883622,"mitchrichmond23","Gameteenteen",false
41569607,"mitchrichmond23","Naimthestar",false
1691302284,"mitchrichmond23","LifeIsWritten01",false
1688966780,"mitchrichmond23","ufcnbasahi6111",false
874771358,"mitchrichmond23","TJ_Munk34",false
1688940613,"mitchrichmond23","ufcnbasahi1",false
375737990,"mitchrichmond23","andytetas",false
178529336,"mitchrichmond23","CoachToe_33",true
113977335,"mitchrichmond23","KCCatbackers",false
355661702,"mitchrichmond23","Nthalari",false
400428297,"mitchrichmond23","VinnieG30",false
32583357,"mitchrichmond23","BadmouthNet",true
1472681250,"mitchrichmond23","diyaaeeddine",true
1667587082,"mitchrichmond23","MonsterSlam2",false
1335586170,"mitchrichmond23","soltkyle",false
1680096631,"mitchrichmond23","DADDYSGIRL673",false
44677667,"mitchrichmond23","CoachOates",true
1683088638,"mitchrichmond23","DDDDWWWW3",false
1313040313,"mitchrichmond23","simonkasparet13",false
1580509958,"mitchrichmond23","Jaypierce34",false
76992202,"mitchrichmond23","backtoformula",false
1679749032,"mitchrichmond23","JosephMcClary",false
1618870386,"mitchrichmond23","BullsFan84",false
935270160,"mitchrichmond23","AladinSelman",false
1566903001,"mitchrichmond23","dresser34",false
24192782,"mitchrichmond23","lindy0629",false
1466434722,"mitchrichmond23","calton_jim",false
553067383,"mitchrichmond23","jazzysteph24",false
1557176798,"mitchrichmond23","mrwolferocks",false
589433710,"mitchrichmond23","NBABrasil",false
1665910663,"mitchrichmond23","DonnaKBushEnter",true
20575752,"mitchrichmond23","marcelluswiley",true
1392006224,"mitchrichmond23","espn1234567",true
288418726,"mitchrichmond23","GKaurTweets",true
410782265,"mitchrichmond23","LeeJimmyCool",false
101632465,"mitchrichmond23","ChatSacKings",false
1624111802,"mitchrichmond23","Sxylexy37Foster",true
805743714,"mitchrichmond23","Bacon_Bisquits",true
1339660483,"mitchrichmond23","DochaMamma",false
120356062,"mitchrichmond23","JonMac124",false
1578017694,"mitchrichmond23","jacsil77",false
448833869,"mitchrichmond23","muggsyismyidol",false
546059923,"mitchrichmond23","Ercle45_",false
18327490,"mitchrichmond23","madisonchasefit",false
1655449608,"mitchrichmond23","BedfordMrs",false
1275754586,"mitchrichmond23","thetruealborz",false
537807175,"mitchrichmond23","Kilbane89",false
1087580077,"mitchrichmond23","EyesWideShut18",false
583155669,"mitchrichmond23","FanBully",false
1627306135,"mitchrichmond23","lucasr1ch",true
628632454,"mitchrichmond23","PriceNed",false
1661822761,"mitchrichmond23","OfficialNBA2K",false
1656220508,"mitchrichmond23","RealRyanSaidi",false
229418669,"mitchrichmond23","Jbone327",false
543940693,"mitchrichmond23","ShovelheadTeach",false
421106601,"mitchrichmond23","josephfarid",true
26578760,"mitchrichmond23","daisydukes23",false
1592021940,"mitchrichmond23","Danielinspace",false
502029929,"mitchrichmond23","JFiddlerBHOF",true
45374487,"mitchrichmond23","heezythegreat",true
886135022,"mitchrichmond23","RealKingsscoop",true
1637225131,"mitchrichmond23","AnnaStrus",false
413265926,"mitchrichmond23","MsBarbie66",true
483382326,"mitchrichmond23","JamesRumohr",true
518241638,"mitchrichmond23","6thmanapps",true
1090068902,"mitchrichmond23","mitchpaulie",false
30543237,"mitchrichmond23","fab5sportzgmail",false
1649671566,"mitchrichmond23","bigbigjules",false
221650699,"mitchrichmond23","TheTannMan",false
1319305380,"mitchrichmond23","rwhittingtonjr",false
1064094078,"mitchrichmond23","BeckygcAda",false
820512540,"mitchrichmond23","scott_tillery",false
1646452338,"mitchrichmond23","SpaceGhost0420",false
1517974916,"mitchrichmond23","TomasSgrizzi",false
26430722,"mitchrichmond23","cashmoneybbs",false
754387482,"mitchrichmond23","l_m_p_76",false
1619144978,"mitchrichmond23","jchism674",false
437662668,"mitchrichmond23","JohnSaltnes",false
21927736,"mitchrichmond23","zo0mmike",false
60922165,"mitchrichmond23","ManuelUnlimited",false
1576352750,"mitchrichmond23","william_boozer",true
936224455,"mitchrichmond23","QuentinHoover",true
63604033,"mitchrichmond23","CorneliaChapin",true
1641661938,"mitchrichmond23","Bretthanza",false
1624000166,"mitchrichmond23","layituplikeaman",true
1641404208,"mitchrichmond23","Callen33Chris",false
848301469,"mitchrichmond23","TheRealNbakid",false
1491254430,"mitchrichmond23","sb_custom37",false
922638612,"mitchrichmond23","brentblee",false
362290974,"mitchrichmond23","JayleeThep",false
1343451756,"mitchrichmond23","MelOwens58",false
1627775778,"mitchrichmond23","NBAFan696",false
172005634,"mitchrichmond23","eglassner10",false
516173590,"mitchrichmond23","EnosHan1",false
55200681,"mitchrichmond23","bbananto",false
1317344382,"mitchrichmond23","TScheer10",false
436776680,"mitchrichmond23","natdar22",false
366317460,"mitchrichmond23","PlatinumAudioJB",true
321497317,"mitchrichmond23","JorgeHernande41",true
342571902,"mitchrichmond23","rica9821",false
1607235776,"mitchrichmond23","c1_payback",false
250951388,"mitchrichmond23","JodyMillard",false
1381829821,"mitchrichmond23","miketuck225",true
476266116,"mitchrichmond23","Grizzard_Goober",false
1626915289,"mitchrichmond23","LALakersFan4Eva",false
608615411,"mitchrichmond23","coachharsh",false
1623969008,"mitchrichmond23","austinhickman09",false
1623744672,"mitchrichmond23","AllAbout_NBA",false
1623429740,"mitchrichmond23","NBA_NBANEWS",false
289528569,"mitchrichmond23","shanelnarayan",true
29559659,"mitchrichmond23","TIMEOUT316",false
384159008,"mitchrichmond23","energizerfunny",false
1367733336,"mitchrichmond23","cheezitboy23",true
1287329912,"mitchrichmond23","kleekelly14",false
1319492041,"mitchrichmond23","lanemarsh12",false
59523395,"mitchrichmond23","Stadman14",false
109151024,"mitchrichmond23","wagonerwithano",false
489730144,"mitchrichmond23","nickhicks79",true
448408678,"mitchrichmond23","Bigsbee_fresh",false
325097479,"mitchrichmond23","joelc916",false
45078457,"mitchrichmond23","d_malicious",false
210124875,"mitchrichmond23","imcaveman5",false
1511339990,"mitchrichmond23","armero3_zury",false
246155309,"mitchrichmond23","JohnathanHerold",false
461761689,"mitchrichmond23","ElJefePoom",false
1512134540,"mitchrichmond23","ranygotwingies",false
280202283,"mitchrichmond23","SippyCupJonez",true
1594713037,"mitchrichmond23","Will_Warner_",false
851963868,"mitchrichmond23","prettynique1983",true
1611579044,"mitchrichmond23","RicardoJCorona",false
1523853534,"mitchrichmond23","kimpogireyes",false
17221691,"mitchrichmond23","sonnynayar",true
1611627889,"mitchrichmond23","anniemarszal",false
44738731,"mitchrichmond23","Orangeman89",false
292621904,"mitchrichmond23","Chuckboat",false
1046806146,"mitchrichmond23","Jimmysantos72",true
48069621,"mitchrichmond23","Basketcaffe",true
1606479355,"mitchrichmond23","GrizzliesHNL",false
161881055,"mitchrichmond23","zardozzelloz",false
368426629,"mitchrichmond23","emmanuelnasha",true
1605416041,"mitchrichmond23","estrellesjosel",false
445095801,"mitchrichmond23","LMHuskovich",true
1110153295,"mitchrichmond23","JunichiMatsuda1",false
245217246,"mitchrichmond23","chetfong",false
309373589,"mitchrichmond23","JakeBazeley",true
149819977,"mitchrichmond23","tmtm2010tmtm",false
139851531,"mitchrichmond23","ericmcintosh360",true
1339203480,"mitchrichmond23","CapozziMc",true
435510712,"mitchrichmond23","YoMARCOnehoo",false
141509306,"mitchrichmond23","Raiders1808",false
1049022938,"mitchrichmond23","EddineDiyaa",true
1598706420,"mitchrichmond23","Coach_Bill_S",true
17505113,"mitchrichmond23","djmattbain",false
162647646,"mitchrichmond23","schumakew",true
45965017,"mitchrichmond23","robertpartain",false
25598496,"mitchrichmond23","Rickyflip",true
1124588124,"mitchrichmond23","TomGatten",false
375483529,"mitchrichmond23","sheepdog1992",false
48438236,"mitchrichmond23","aaronlevinger",false
258677206,"mitchrichmond23","_Saracen_",false
1564593168,"mitchrichmond23","ricotinhas",true
391136050,"mitchrichmond23","curtisferns",true
487780199,"mitchrichmond23","RighiCarlo",false
1595105012,"mitchrichmond23","Deathrow801",false
28832452,"mitchrichmond23","Topherficke",false
446008938,"mitchrichmond23","CassBullard",false
531609973,"mitchrichmond23","SoaresLopez",true
378390598,"mitchrichmond23","youngphethanext",false
304126205,"mitchrichmond23","lead_pipe_sacto",false
25250576,"mitchrichmond23","Thizboy27",false
1572850346,"mitchrichmond23","KINGSofSacTOWN",true
228601296,"mitchrichmond23","therealjnelly",true
37877881,"mitchrichmond23","jtweezy2502",false
169659322,"mitchrichmond23","LATERALsprewell",false
528073236,"mitchrichmond23","jssavalos063087",false
268286068,"mitchrichmond23","Cedlovesjazz",false
36268391,"mitchrichmond23","Onionfarmer",false
548871046,"mitchrichmond23","alltimegiants",true
575018847,"mitchrichmond23","Paikyboy21",false
1587846199,"mitchrichmond23","916kings49ers",false
34718007,"mitchrichmond23","KINGSLA2014",false
40103104,"mitchrichmond23","bretbair",false
25770679,"mitchrichmond23","TVQUEENP",false
1587212023,"mitchrichmond23","the_cuckoo_024",false
1023605258,"mitchrichmond23","AldrinLopez15",true
486847582,"mitchrichmond23","Trayc0803",false
1586698340,"mitchrichmond23","HoopsPost",false
910585327,"mitchrichmond23","NBASrbija",false
1576132711,"mitchrichmond23","MacRaeKevin",false
857061686,"mitchrichmond23","Twenty3Company",false
552734701,"mitchrichmond23","Jovian00853280",true
713602729,"mitchrichmond23","Cenaryderhardy",true
1584247225,"mitchrichmond23","scottschilleryo",false
1271339828,"mitchrichmond23","witta166",false
1522207400,"mitchrichmond23","jshores76",false
1051333549,"mitchrichmond23","MrKeithJennings",false
1579590548,"mitchrichmond23","cplavin35",false
1582227492,"mitchrichmond23","62shocker",false
27955604,"mitchrichmond23","AUDofficial",false
173996676,"mitchrichmond23","BAgron33",false
437238986,"mitchrichmond23","iriepacsports",false
1581485670,"mitchrichmond23","therealnathan87",false
489082791,"mitchrichmond23","sloyburger",false
1012052407,"mitchrichmond23","eyebeemeeh24",true
493250261,"mitchrichmond23","BillyInNorCal",false
20659424,"mitchrichmond23","jeremybrady25",false
1579991574,"mitchrichmond23","Fully_Souts",false
1579574168,"mitchrichmond23","MikeDfor3",false
1577911476,"mitchrichmond23","talkinsmack23",true
1569036794,"mitchrichmond23","SportsMystic",false
1578955250,"mitchrichmond23","DAR12321",false
32753003,"mitchrichmond23","ELT_Tommy",true
152859170,"mitchrichmond23","SacTwnKing",false
1578329834,"mitchrichmond23","JC_TheSportsGuy",false
311610683,"mitchrichmond23","catronc13",false
1564397257,"mitchrichmond23","NBANews44",false
392397363,"mitchrichmond23","AsmusSHSports",false
33674952,"mitchrichmond23","sact0wnb3ar",true
1568390474,"mitchrichmond23","brfjamaica",false
1568217924,"mitchrichmond23","DjoKenanito",false
1043253248,"mitchrichmond23","mrsbriscoe76",false
538719220,"mitchrichmond23","kengober",true
1434139946,"mitchrichmond23","verndiggity916",false
384133649,"mitchrichmond23","CaseyH777",false
463465891,"mitchrichmond23","rrmaffjr",false
1573895204,"mitchrichmond23","Lakers___Nation",false
1575702006,"mitchrichmond23","_TheMaestro_",false
55386053,"mitchrichmond23","cjamfish",false
15571700,"mitchrichmond23","mhaddad520",false
65166946,"mitchrichmond23","gloritere",true
1574569418,"mitchrichmond23","AllStarEdits",false
1574191860,"mitchrichmond23","madmanmunro",false
1573529071,"mitchrichmond23","BigRobby1",true
137338631,"mitchrichmond23","karvounis27",false
85482894,"mitchrichmond23","omearaj12",false
246321633,"mitchrichmond23","dutchboy2425",false
164454708,"mitchrichmond23","Athletics1989",false
37824825,"mitchrichmond23","5kingsfan",false
1564455174,"mitchrichmond23","eliotweintraub",false
22549409,"mitchrichmond23","JeffVendley",true
341210069,"mitchrichmond23","Mersanary76",true
227036680,"mitchrichmond23","lrodriguez88",false
55072643,"mitchrichmond23","Jerad108",true
501272370,"mitchrichmond23","GetGlicked",true
1571958715,"mitchrichmond23","BenAndEthan",false
434257947,"mitchrichmond23","kdowns835",false
1570911246,"mitchrichmond23","kcwarriorskc",false
169137562,"mitchrichmond23","NBAGold_Dan",false
1218621828,"mitchrichmond23","VladimirSholk",false
502466384,"mitchrichmond23","Steven_Luna_3",true
608891736,"mitchrichmond23","SnakeMGS4",false
761307606,"mitchrichmond23","BodanPavlovski",false
1564944211,"mitchrichmond23","DrewSportsFan",false
1549197211,"mitchrichmond23","raiders916kings",true
1569524707,"mitchrichmond23","NBAFAN4LIFE1",false
883573880,"mitchrichmond23","ar_rubiera",false
374863936,"mitchrichmond23","Lott_Hall",true
436223093,"mitchrichmond23","BretDressler",false
1352520854,"mitchrichmond23","SportsTalk916",true
615359594,"mitchrichmond23","matteuss11",true
304197146,"mitchrichmond23","Denznigga",true
267671435,"mitchrichmond23","miloshbennett",false
1567161469,"mitchrichmond23","statusball14",false
27664261,"mitchrichmond23","Varitech",true
302704070,"mitchrichmond23","DougEnnis",false
479811817,"mitchrichmond23","LustrePG",true
578466306,"mitchrichmond23","MarcosKonstanti",false
59066753,"mitchrichmond23","KingJames_Pinas",true
1565882676,"mitchrichmond23","reggaesand",false
1547272554,"mitchrichmond23","artswarrior2",true
1562374819,"mitchrichmond23","Sheedog23",false
1552607089,"mitchrichmond23","SergySportsguru",true
1311648896,"mitchrichmond23","daddydrr772",false
297126781,"mitchrichmond23","JillAdge",true
1278537960,"mitchrichmond23","Ntecoolio",false
1301279970,"mitchrichmond23","KingsNguyen916",false
1561173488,"mitchrichmond23","AnthonyPescetti",false
22748803,"mitchrichmond23","NaThan_Noah",true
24235377,"mitchrichmond23","DeuceOnTheAir",true
796413210,"mitchrichmond23","TrollTroutman",true
950079656,"mitchrichmond23","gardskull",true
1431237313,"mitchrichmond23","nicholasgoligow",false
1561702249,"mitchrichmond23","ThatNoobTho",false
142412997,"mitchrichmond23","One_Groovy_Dude",true
423773285,"mitchrichmond23","paolacortes94",false
1542350406,"mitchrichmond23","Tdicky55",false
1559770256,"mitchrichmond23","YoungNBAWriter",false
1559646984,"mitchrichmond23","Team19AllStars",true
1406706704,"mitchrichmond23","ItsHarvin",true
1444883346,"mitchrichmond23","DunnDadda",false
27034514,"mitchrichmond23","JohnDSkoglund",true
1382783467,"mitchrichmond23","Madeinutah86",false
1213573123,"mitchrichmond23","mmckinley215",true
61520781,"mitchrichmond23","TheEbonyGenius",true
115458667,"mitchrichmond23","Solly814",true
1552895114,"mitchrichmond23","AbuRemon91",false
55878142,"mitchrichmond23","TheRealMKN",true
283893648,"mitchrichmond23","LittleCHEF22",true
1546953793,"mitchrichmond23","PeteD_Kings",false
414422536,"mitchrichmond23","Macd4217",false
812791584,"mitchrichmond23","gio_ian_96",true
145784830,"mitchrichmond23","SoriaJES",true
1549204140,"mitchrichmond23","BlackHammer82",false
1558479589,"mitchrichmond23","Kingsallday_BK",false
860742450,"mitchrichmond23","biglancer19",false
125085569,"mitchrichmond23","RedCarpetMogul",false
1558133150,"mitchrichmond23","ARivers25Fan",false
108919582,"mitchrichmond23","shukotani",false
1557668396,"mitchrichmond23","BBall_Brooklyn",false
38051734,"mitchrichmond23","1985toForever",true
1557080264,"mitchrichmond23","NBAInfoStats",false
1556597496,"mitchrichmond23","Top_Kicks_",false
53682768,"mitchrichmond23","NateThoreson",false
37394989,"mitchrichmond23","LimoDriverParis",false
27294352,"mitchrichmond23","MilliesMom97",false
1555427431,"mitchrichmond23","beautiful34sexy",false
1461045487,"mitchrichmond23","AirRick003",false
1552268678,"mitchrichmond23","robcao305",true
324296145,"mitchrichmond23","PGiapantzakis",false
621534768,"mitchrichmond23","marknfld5",false
290533343,"mitchrichmond23","Gabymolinamar",false
1533565244,"mitchrichmond23","24TravisA",false
276617664,"mitchrichmond23","tjhoffart",false
1551961244,"mitchrichmond23","Team_BM16",false
1099434433,"mitchrichmond23","Dilmonda",false
1479097892,"mitchrichmond23","Dr_Dank_",false
65677256,"mitchrichmond23","kempdiggs",true
226426824,"mitchrichmond23","thejustinstein",false
613823801,"mitchrichmond23","tylerschmitt14",false
21981225,"mitchrichmond23","MangaTherapy",false
27989717,"mitchrichmond23","sbampfield",true
390521992,"mitchrichmond23","Klasik916",false
735759590,"mitchrichmond23","MountainDewd14",true
201607063,"mitchrichmond23","Letsgokings13",false
88537628,"mitchrichmond23","Justinh_90",false
623993041,"mitchrichmond23","TravisA37",true
130276906,"mitchrichmond23","SactownYeti",false
195687487,"mitchrichmond23","ItsMeAjm",true
265654049,"mitchrichmond23","boristhechicker",false
258607594,"mitchrichmond23","Ms_Espn31",false
1307614328,"mitchrichmond23","MlangeniJ",true
1265753888,"mitchrichmond23","Tswanadesigns",true
14445775,"mitchrichmond23","BrittMichaelian",false
1549384687,"mitchrichmond23","fern1832",false
435301173,"mitchrichmond23","Diamondskillz",true
494530927,"mitchrichmond23","DLeagueWarriors",true
221691782,"mitchrichmond23","baxterpersonnel",true
259995505,"mitchrichmond23","MilesMDaniels",true
103817081,"mitchrichmond23","ryry_abe91",true
495429860,"mitchrichmond23","MWillis93",false
1544875003,"mitchrichmond23","TheGOAT06",false
1544483288,"mitchrichmond23","markfranco95",false
1291728954,"mitchrichmond23","Edo_john98",false
1543322486,"mitchrichmond23","Thaddeus_1",false
1523851670,"mitchrichmond23","Moore6345",false
1542046428,"mitchrichmond23","daanonymousjeet",false
1542556040,"mitchrichmond23","mcstone33",false
1541547266,"mitchrichmond23","heat9898",false
69340818,"mitchrichmond23","bobbymccray",false
1541320448,"mitchrichmond23","nbalove101",false
39878493,"mitchrichmond23","Coldpepper65",true
1539683576,"mitchrichmond23","Larryjaybird",false
1537126465,"mitchrichmond23","NBANews46",false
15745139,"mitchrichmond23","ToddGilmore",false
1519690112,"mitchrichmond23","Markus2421",false
1532282150,"mitchrichmond23","MrT_Malone",false
1004650027,"mitchrichmond23","lakersonly32",false
1535174498,"mitchrichmond23","RodriguezMason2",false
422911101,"mitchrichmond23","mAtT_sTaX",false
32631807,"mitchrichmond23","maafade001",false
1287824462,"mitchrichmond23","kstatestrength",false
43615612,"mitchrichmond23","xanderpr",false
1534330555,"mitchrichmond23","godessofvictry",true
52816463,"mitchrichmond23","sales_master",true
1511875590,"mitchrichmond23","PaulMunda",false
1519246674,"mitchrichmond23","lsdobbi64",false
1526643811,"mitchrichmond23","beyondthejump",false
467158324,"mitchrichmond23","DHamilton43",false
827796152,"mitchrichmond23","janicesimpson16",true
47516057,"mitchrichmond23","Kstatejimi",false
399864543,"mitchrichmond23","AaronHeisler",false
1488067027,"mitchrichmond23","C_Hammer_99",false
1510662708,"mitchrichmond23","ChezLuvnlyf13",false
708466255,"mitchrichmond23","DreyeValenzuela",true
178104440,"mitchrichmond23","dereknorin",false
548973196,"mitchrichmond23","Jkingz062",true
42734123,"mitchrichmond23","YourClavicle",false
1517409120,"mitchrichmond23","davocelticsfan",false
1522299006,"mitchrichmond23","stevencox32",false
742057021,"mitchrichmond23","waynesworld916",false
1523280967,"mitchrichmond23","jordanbaranco",false
1521073962,"mitchrichmond23","Magneto14",false
126383762,"mitchrichmond23","nbacares",false
473914703,"mitchrichmond23","thatguyfromcal",false
1489644768,"mitchrichmond23","GaryGSWfan",false
287739559,"mitchrichmond23","DJDinoPerera",false
30126696,"mitchrichmond23","CiaraMmmm",true
998063058,"mitchrichmond23","BonillaCousins",false
929021486,"mitchrichmond23","briken2577",false
420440222,"mitchrichmond23","CobraDones",false
1255461216,"mitchrichmond23","Manel_basket",false
1511548273,"mitchrichmond23","JimmysTypeRiter",false
487343866,"mitchrichmond23","HyilmazAcikyer",false
739164451,"mitchrichmond23","Z_Deming",true
1103624402,"mitchrichmond23","EngrEleas",true
1515043236,"mitchrichmond23","rcarrera111",false
23092103,"mitchrichmond23","emcameron",true
335956459,"mitchrichmond23","chanitarusso",false
1504592966,"mitchrichmond23","BullsDeRose1",false
132367861,"mitchrichmond23","azemika15",false
147996559,"mitchrichmond23","Chiefkc2000",false
